season,player_key,player_name,team,position,games_projected,pass_yards_total,rush_yards_total,receiving_yards_total,receptions_total,pass_tds_total,rush_tds_total,rec_tds_total,anytime_td_prob
2026,c18b2fe3-1746-464c-9604-91eca99e8c5c,D.Maye,NE,QB,4,896.112,24.48,0.0,0.0,5.612,0.0,0.0,0.02
2026,3f58a998-2d1f-4f95-9c81-9ccd5fa0c8ec,J.Burrow,CIN,QB,4,858.636,21.324,0.0,0.0,5.376,0.0,0.0,0.02
2026,5580f3af-a69b-4d18-aa9e-f9f360bb7daf,C.Stroud,HOU,QB,4,857.736,19.368,0.0,0.0,5.372,0.0,0.0,0.02
2026,a631bebf-08bd-40de-b474-1e57605a1574,J.Goff,DET,QB,4,857.528,17.324,0.0,0.0,5.368,0.0,0.0,0.02
2026,537f0d83-5256-42bf-bc75-f956be1f26c5,J.Love,GB,QB,4,853.116,18.972,0.0,0.0,5.34,0.0,0.0,0.02
2026,d3372f7c-27eb-47ac-9d90-facef898a40f,C.Williams,CHI,QB,4,817.38,23.7,0.0,0.0,5.116,0.0,0.0,0.02
2026,c28c1088-1b0f-497f-bfdb-1a7a9cde1e89,B.Young,CAR,QB,4,819.108,21.688,0.0,0.0,5.292,0.044,0.0,0.044
2026,7fc98b95-d8a9-461b-895c-675c835c87a6,M.Stafford,LA,QB,4,780.968,22.188,0.0,0.0,4.888,0.0,0.0,0.02
2026,32369b37-6bce-4910-acfa-f658676697d3,J.Allen,BUF,QB,4,761.032,29.768,0.0,0.0,4.976,0.084,0.0,0.0848
2026,9cd40a7b-735b-4670-bf0e-4d357c5b3e10,A.Rodgers,PIT,QB,4,772.772,16.048,0.0,0.0,4.84,0.0,0.0,0.02
2026,3a4bd5d6-8b01-4324-8449-d0f7c2059e36,S.Darnold,SEA,QB,4,768.936,19.304,0.0,0.0,4.816,0.0,0.0,0.02
2026,c6b16d75-657b-44a5-9bf9-033769fc3460,T.Shough,NO,QB,4,758.068,21.632,0.0,0.0,4.888,0.04,0.0,0.0404
2026,fb4669d0-c27f-4ea4-bd37-8d3bad299f07,B.Purdy,SF,QB,4,732.4,27.216,0.0,0.0,4.584,0.0,0.0,0.02
2026,e59787f5-27fb-4c44-8543-4c38c3e63ca5,M.Trubisky,BUF,QB,4,740.496,18.432,0.0,0.0,4.636,0.0,0.0,0.02
2026,c8b87222-de0c-47cd-8789-283ea158b788,T.Lance,LAC,QB,4,730.112,26.612,0.0,0.0,4.572,0.0,0.0,0.02
2026,40159058-8f61-4120-8323-ec81eaeff8ce,B.Nix,DEN,QB,4,727.756,28.152,0.0,0.0,5.18,0.244,0.0,0.2372
2026,26424a2d-7d01-4e04-a8e5-3d375bd0c281,B.Allen,TEN,QB,4,735.424,16.984,0.0,0.0,4.604,0.0,0.0,0.02
2026,84183f30-4aea-4c0e-a5ee-3e0d078d504e,R.Leonard,IND,QB,4,728.512,22.74,0.0,0.0,4.696,0.044,0.0,0.0424
2026,c3485017-7a48-4b69-8957-97f4e26303ea,K.Cousins,ATL,QB,4,729.84,18.532,0.0,0.0,4.568,0.0,0.0,0.02
2026,df2c09c5-74cd-4fdf-907d-3b98983c4c2b,J.Dart,NYG,QB,4,724.096,23.392,0.0,0.0,4.708,0.06,0.0,0.06
2026,adc23f6f-785f-4c16-b008-399ca48f511f,T.McKee,PHI,QB,4,726.776,19.808,0.0,0.0,4.552,0.0,0.0,0.02
2026,ad824cf4-45aa-4678-90a2-b4de8ec1d14f,A.Dalton,CAR,QB,4,726.044,20.08,0.0,0.0,4.544,0.0,0.0,0.02
2026,c85912e0-7ec0-44a3-99c5-3ebb79d217a8,M.Willis,GB,QB,4,715.416,29.528,0.0,0.0,4.832,0.148,0.0,0.1444
2026,c415d118-a039-407a-a350-3e89d8042e25,J.Hurts,PHI,QB,4,708.908,24.308,0.0,0.0,4.44,0.0,0.0,0.02
2026,35cc13e2-07c8-47ec-a3f1-171f1c79da4c,K.Murray,ARI,QB,4,703.484,23.104,0.0,0.0,4.732,0.108,0.0,0.1072
2026,fd220237-3c3f-4c15-8aa0-6fe29c030516,P.Rivers,IND,QB,4,708.88,17.008,0.0,0.0,4.44,0.0,0.0,0.02
2026,d0738d0d-7cc8-49b9-882e-a1fb536c47e7,T.Lawrence,JAX,QB,4,692.432,27.92,0.0,0.0,4.672,0.136,0.0,0.1348
2026,a9854c99-01a8-4aff-ade7-a3dbcff01a05,P.Mahomes,KC,QB,4,696.2,18.792,0.0,0.0,4.636,0.08,0.0,0.0788
2026,86721778-e183-4522-8ddc-55e00f17fbe7,J.Herbert,LAC,QB,4,680.384,26.14,0.0,0.0,4.892,0.26,0.0,0.2536
2026,237a8679-0c0a-480b-870d-514d0c50523f,J.Brissett,ARI,QB,4,681.828,20.028,0.0,0.0,4.268,0.0,0.0,0.02
2026,ab213147-61d9-49a3-a662-0e2a31cc80f2,M.Penix,ATL,QB,4,668.488,19.416,0.0,0.0,4.184,0.0,0.0,0.02
2026,71c87791-cb96-4ae5-81b7-b34f7074c8fe,J.Stidham,DEN,QB,4,664.24,20.552,0.0,0.0,4.3,0.048,0.0,0.0456
2026,e4e1a50c-ec36-4d34-aa3f-d930cb755ef1,D.Mills,HOU,QB,4,666.58,18.156,0.0,0.0,4.172,0.0,0.0,0.02
2026,c565508b-56fc-427f-bbad-c16a7809be60,C.Wentz,MIN,QB,4,667.996,16.368,0.0,0.0,4.184,0.0,0.0,0.02
2026,25cc976d-3f53-414e-8503-80d7e5d5a513,T.Tagovailoa,MIA,QB,4,658.132,18.192,0.0,0.0,4.12,0.0,0.0,0.02
2026,56c2266e-4dc1-4c37-8f44-6323a36613de,B.Mayfield,TB,QB,4,649.944,21.84,0.0,0.0,4.068,0.0,0.0,0.02
2026,2dc8197d-32c4-4dd0-b6fe-204644d5c94e,C.Oladokun,KC,QB,4,653.652,17.608,0.0,0.0,4.092,0.0,0.0,0.02
2026,da4478fb-6db4-42cc-94a5-bc33107fdd43,C.Tune,GB,QB,4,650.248,19.968,0.0,0.0,4.072,0.0,0.0,0.02
2026,6ccddb5c-777e-4767-8920-d6b85d950d14,J.McCarthy,MIN,QB,4,644.244,18.96,0.0,0.0,4.032,0.0,0.0,0.02
2026,d1f89fac-509c-44c6-92ab-7c667d39aac0,J.Dobbs,NE,QB,4,643.876,18.76,0.0,0.0,4.032,0.0,0.0,0.02
2026,371e6c01-3f61-411c-8675-13539221ddc9,J.Flacco,CIN,QB,4,642.228,19.128,0.0,0.0,4.02,0.0,0.0,0.02
2026,ed4bbe3b-6b63-4451-a5f2-c6fdeb807037,K.Allen,DET,QB,4,644.08,16.94,0.0,0.0,4.032,0.0,0.0,0.02
2026,1d4cec7f-feb8-41e0-8087-6a8bb22061a5,J.Browning,CIN,QB,4,642.228,17.272,0.0,0.0,4.02,0.0,0.0,0.02
2026,de412420-89d8-4955-9d7d-72f809f5077c,A.O'Connell,LV,QB,4,636.54,18.764,0.0,0.0,3.984,0.0,0.0,0.02
2026,47424b84-c636-49c2-8a25-9d3de0d3b504,G.Smith,LV,QB,4,633.916,17.704,0.0,0.0,4.116,0.044,0.0,0.0432
2026,657dda04-3090-4b51-a042-ed172ce632f2,Q.Ewers,MIA,QB,4,632.92,17.756,0.0,0.0,3.964,0.0,0.0,0.02
2026,daa42eb7-39f7-4855-9cfb-36e187d1948a,S.Rattler,NO,QB,4,627.664,17.268,0.0,0.0,3.928,0.0,0.0,0.02
2026,5034d52d-1292-4d87-a545-ef53884ca7e1,T.Hill,NO,QB,4,624.556,17.06,0.0,0.0,3.912,0.0,0.0,0.02
2026,9dd18fe8-369d-4368-9e6e-337bb9bd4bc2,S.Sanders,CLE,QB,4,619.188,20.62,0.0,0.0,3.876,0.0,0.0,0.02
2026,51bc9571-a821-4045-a21b-20447caa002a,M.Rudolph,PIT,QB,4,620.96,17.272,0.0,0.0,3.888,0.0,0.0,0.02
2026,63622685-ecc8-42fb-b7f6-cef0dae39148,G.Minshew,KC,QB,4,615.688,18.252,0.0,0.0,3.856,0.0,0.0,0.02
2026,9ec9efb2-44ce-4711-a31b-28d1fa715294,D.Lock,SEA,QB,4,615.688,17.984,0.0,0.0,3.856,0.0,0.0,0.02
2026,c081e2a6-0898-4a64-9835-eb17acc4a418,J.Milroe,SEA,QB,4,615.688,17.984,0.0,0.0,3.856,0.0,0.0,0.02
2026,d9f1f072-cfff-4c15-bc52-619b0f28713e,A.Richardson,IND,QB,4,610.336,17.112,0.0,0.0,3.82,0.0,0.0,0.02
2026,5de9bd7e-1e94-4286-a652-760935b7f982,M.Brosmer,MIN,QB,4,608.244,16.896,0.0,0.0,3.808,0.0,0.0,0.02
2026,d0778b59-dc20-4250-a23a-875e29d27acc,J.Fields,NYJ,QB,4,595.092,27.68,0.0,0.0,3.92,0.092,0.0,0.0928
2026,c2a20f37-b06b-49c3-b546-c7c9cd4f12b4,J.Johnson,WAS,QB,4,596.96,25.628,0.0,0.0,3.944,0.092,0.0,0.09
2026,47862c44-97a4-41ef-bcd9-aaf2a576df11,T.Bridgewater,TB,QB,4,603.056,17.552,0.0,0.0,3.776,0.0,0.0,0.02
2026,154df07d-189d-4473-894a-f65ed36181fc,D.Jones,IND,QB,4,601.488,18.704,0.0,0.0,3.876,0.036,0.0,0.0352
2026,52de0337-a7ef-4589-b345-4ae504e54970,T.Huntley,BAL,QB,4,590.536,28.324,0.0,0.0,4.356,0.324,0.0,0.3096
2026,3276bcc4-687a-4601-92a3-35feeb80ba89,J.Daniels,WAS,QB,4,595.7,21.2,0.0,0.0,3.728,0.0,0.0,0.02
2026,d744f827-583d-4523-b6b0-a4357ca13013,K.Slovis,ARI,QB,4,599.42,16.94,0.0,0.0,3.752,0.0,0.0,0.02
2026,0f1c18b3-e0c7-474f-aa1c-51a83a5cd17f,B.Cook,NYJ,QB,4,596.056,20.088,0.0,0.0,3.732,0.0,0.0,0.02
2026,f16bf5f1-4c50-449b-b1d4-ad4d66db60cb,C.Ward,TEN,QB,4,593.804,22.14,0.0,0.0,4.132,0.156,0.0,0.1532
2026,9ac95a2a-0100-4d5e-b1b4-66f539140fab,N.Mullens,JAX,QB,4,589.52,17.284,0.0,0.0,3.692,0.0,0.0,0.02
2026,074db5dc-6d97-4108-a542-20e6cb42f4a6,M.Jones,SF,QB,4,587.292,18.888,0.0,0.0,3.676,0.0,0.0,0.02
2026,48b54b83-0ee8-4633-88ca-470939b150e0,M.Mariota,WAS,QB,4,588.396,16.94,0.0,0.0,3.684,0.0,0.0,0.02
2026,203414fc-a16a-4633-adec-aaeb845d0a44,C.Rush,BAL,QB,4,580.452,18.508,0.0,0.0,3.636,0.0,0.0,0.02
2026,4c6e84b3-2283-4d86-8f7b-019a185c6764,L.Jackson,BAL,QB,4,575.28,21.1,0.0,0.0,3.6,0.0,0.0,0.02
2026,2f65777c-88df-48e8-84f5-50d5b599b335,R.Wilson,NYG,QB,4,567.464,17.548,0.0,0.0,3.62,0.024,0.0,0.0244
2026,532505a8-4f22-499b-9012-6111242828dc,T.Bagent,CHI,QB,4,570.312,14.424,0.0,0.0,3.572,0.0,0.0,0.02
2026,b0dc48bd-d95c-4352-a9c5-5e3f113e8b79,J.Milton,DAL,QB,4,562.536,20.36,0.0,0.0,3.608,0.032,0.0,0.032
2026,6b202b45-4554-4645-8ff5-4ee830907717,D.Prescott,DAL,QB,4,563.748,17.796,0.0,0.0,3.528,0.0,0.0,0.02
2026,74ed522b-fcc4-4269-90c8-7fca7384072a,T.Taylor,NYJ,QB,4,551.76,16.94,0.0,0.0,3.456,0.0,0.0,0.02
2026,ebe0b8de-695b-4d82-984f-1000e7f01541,K.Pickett,LV,QB,4,547.72,17.38,0.0,0.0,3.428,0.0,0.0,0.02
2026,179d32c2-fa31-4842-ae82-364d6bdb889a,J.Winston,NYG,QB,4,548.824,14.148,0.0,0.0,3.436,0.0,0.0,0.02
2026,c45ec253-eb3c-4927-840a-b4719f423791,Z.Wilson,MIA,QB,4,510.564,14.148,0.0,0.0,3.196,0.0,0.0,0.02
2026,7af9c46c-c099-4877-b651-9719ed598171,D.Gabriel,CLE,QB,4,506.312,14.148,0.0,0.0,3.168,0.0,0.0,0.02
2026,9a93ddfe-033a-4098-acc7-9be147087ec8,S.Barkley,PHI,RB,4,0.0,316.14,21.288,3.364,0.0,3.612,0.084,2.4116
2026,959ec041-e728-44e5-862c-b08ffa61a3f4,A.Jeanty,LV,RB,4,0.0,293.92,19.008,3.028,0.0,3.572,0.08,2.3952
2026,29347caa-e7e1-4745-a79a-e2a210fe4fda,J.Gibbs,DET,RB,4,0.0,266.688,20.28,3.248,0.0,1.972,0.052,1.5876
2026,593d9bcd-2ae1-41ca-bf16-2d3c62d5b196,K.Walker,SEA,RB,4,0.0,251.724,17.828,2.868,0.0,2.908,0.072,2.1004
2026,1d87d00a-50b3-494c-a764-c0ff40e2a701,J.Jacobs,GB,RB,4,0.0,248.88,17.016,2.76,0.0,3.28,0.076,2.2716
2026,477881e2-4f41-4c00-9edc-918d69b23eaa,A.Estime,NO,RB,4,0.0,248.38,17.132,2.772,0.0,2.452,0.06,1.8652
2026,5f99ad3b-ac4f-409e-8699-ac3ba697ade3,T.Tracy,NYG,RB,4,0.0,238.508,26.212,4.088,0.0,1.896,0.072,1.5532
2026,61da158c-dacb-4567-8ec7-9521d0868e5f,J.Cook,BUF,RB,4,0.0,246.116,14.904,2.428,0.0,1.532,0.032,1.2956
2026,61edd687-3a13-4c2f-8e86-d493ced4295b,T.Pollard,TEN,RB,4,0.0,243.216,17.764,2.872,0.0,2.24,0.056,1.748
2026,b53d67a4-0051-474f-816c-9a3d9b661634,B.Irving,TB,RB,4,0.0,242.912,15.852,2.556,0.0,1.992,0.044,1.5968
2026,e4fb467c-29b4-4025-8e7f-05d9ee9ca744,C.Hubbard,CAR,RB,4,0.0,228.984,21.772,3.476,0.0,2.428,0.08,1.8636
2026,8f5e333b-8cac-493f-8be3-093a3f12c027,B.Robinson,ATL,RB,4,0.0,226.952,18.676,3.004,0.0,0.84,0.024,0.7764
2026,5b052584-0cb1-4079-abf3-1c8954958e62,C.Brown,CIN,RB,4,0.0,211.592,25.388,3.992,0.0,0.78,0.032,0.7356
2026,49aefcdc-6cec-4beb-84e1-ba08880d15d6,D.Swift,CHI,RB,4,0.0,222.932,9.904,1.652,0.0,1.948,0.032,1.5596
2026,d93096a9-946b-4b3c-a3b5-7a1498c91cae,J.Taylor,IND,RB,4,0.0,205.728,14.788,2.412,0.0,0.516,0.012,0.494
2026,31b668ff-08d5-4913-8678-4c5c2fb906ca,D.Henry,BAL,RB,4,0.0,205.428,13.204,2.16,0.0,0.0,0.0,0.02
2026,23de35af-3a1c-4ae7-9ea4-954a48d78d6a,J.Warren,PIT,RB,4,0.0,205.468,12.832,2.116,0.0,1.54,0.032,1.302
2026,ae3498a3-f309-4ea2-a3c1-031f013cc394,C.McCaffrey,SF,RB,4,0.0,184.516,27.588,4.284,0.0,0.0,0.0,0.02
2026,35923ea3-b4c5-42ac-b0eb-c748169e8cdf,A.Jones,MIN,RB,4,0.0,180.716,20.244,3.216,0.0,1.68,0.064,1.4132
2026,d499f341-a8ae-4bc2-a2d0-09cbdcbc82c8,K.Williams,LA,RB,4,0.0,185.48,15.26,2.488,0.0,2.088,0.06,1.6616
2026,08e87151-52f8-40cb-a625-42c1703b9eec,K.Monangai,CHI,RB,4,0.0,174.62,18.392,2.952,0.0,1.508,0.056,1.2948
2026,e5a46115-0912-415a-b0ef-fc6459391e9c,B.Corum,LA,RB,4,0.0,173.104,18.036,2.912,0.0,0.648,0.024,0.6176
2026,f169e606-4f09-4947-8eef-b701b27cf612,D.Achane,MIA,RB,4,0.0,172.212,17.472,2.816,0.0,0.428,0.016,0.4196
2026,370bcf5e-ca00-4e72-b138-115538bdc569,W.Marks,HOU,RB,4,0.0,162.396,15.304,2.496,0.0,2.392,0.076,1.8428
2026,a5ce07ae-2e77-4060-bb79-b53064c0b349,J.Dobbins,DEN,RB,4,0.0,162.82,12.656,2.084,0.0,0.476,0.012,0.4584
2026,7927f661-8fb2-47a7-988d-d39a7c8038be,Ty.Johnson,BUF,RB,4,0.0,158.704,13.4,2.2,0.0,1.608,0.048,1.3564
2026,13c9b1da-11e5-44db-b6e2-2ce94a697d63,T.Etienne,JAX,RB,4,0.0,150.156,19.808,3.172,0.0,0.732,0.032,0.6964
2026,8b7e765c-715a-49e2-b062-5527b649c39c,S.Perine,CIN,RB,4,0.0,149.348,19.9,3.188,0.0,1.124,0.052,1.018
2026,910e0e65-f202-42a6-afa5-c4a2cebe4b2a,C.Rodriguez,WAS,RB,4,0.0,155.792,12.3,2.024,0.0,2.212,0.06,1.734
2026,65158854-c056-46f0-a185-79af3db336de,B.Smith,KC,RB,4,0.0,147.696,18.316,2.952,0.0,0.0,0.0,0.02
2026,f59ff878-e80a-449e-abe1-afd3a7d89010,B.Brooks,HOU,RB,4,0.0,152.924,9.884,1.648,0.0,0.0,0.0,0.02
2026,8a95e757-cf19-40cd-9cc1-77255bb487f1,K.Gainwell,PIT,RB,4,0.0,133.116,29.476,4.592,0.0,0.0,0.0,0.02
2026,64641499-cd80-4cac-adcf-0272f37d57cc,R.Stevenson,NE,RB,4,0.0,138.124,23.856,3.784,0.0,0.864,0.052,0.8164
2026,f30905bf-54ce-4e54-8ae4-38b278499802,R.Harvey,DEN,RB,4,0.0,134.152,26.72,4.168,0.0,0.384,0.024,0.3896
2026,f3080ee8-3085-4c4a-8cb6-73cca736c41b,J.Mason,MIN,RB,4,0.0,149.116,9.884,1.648,0.0,0.712,0.016,0.666
2026,8ff15410-a25d-420e-a8c8-f07173b07ff5,M.Davis,DAL,RB,4,0.0,142.004,15.36,2.484,0.0,0.296,0.012,0.2956
2026,53edb104-26c4-438b-8ac5-edf35458e1c6,J.Wright,MIA,RB,4,0.0,139.06,14.936,2.432,0.0,2.104,0.076,1.6808
2026,b934c25d-e16b-4088-ade1-894632b8045f,D.Sampson,CLE,RB,4,0.0,135.092,17.764,2.856,0.0,0.0,0.0,0.02
2026,65151ce5-a920-4dc2-8bb0-ad8bdeea7a46,D.Montgomery,DET,RB,4,0.0,139.532,11.856,1.96,0.0,0.712,0.02,0.6692
2026,e7d55b0c-e17e-4747-9f12-d3c5933b5e3e,D.Singletary,NYG,RB,4,0.0,140.464,9.968,1.66,0.0,0.704,0.016,0.6592
2026,62023d1d-a5ea-44d8-bde5-fe8b08113b5a,Q.Judkins,CLE,RB,4,0.0,122.292,27.116,4.208,0.0,1.24,0.092,1.1316
2026,8c0c7f21-64e6-4f24-bb55-be0ec77cac98,D.Giddens,IND,RB,4,0.0,138.452,9.884,1.648,0.0,1.064,0.028,0.9536
2026,3d48d76e-acf1-404a-ba84-79e0d1d0e3fc,T.Allgeier,ATL,RB,4,0.0,132.06,15.404,2.508,0.0,0.0,0.0,0.02
2026,de14a401-2264-4951-87e1-e7a273cd6d83,T.Chandler,MIN,RB,4,0.0,124.348,20.244,3.216,0.0,0.876,0.048,0.826
2026,25d9ee1b-68c9-4de4-ad0f-25efe8210850,J.Croskey-Merritt,WAS,RB,4,0.0,133.448,9.884,1.648,0.0,1.596,0.04,1.3436
2026,8c7fdfc1-da82-46bd-8059-d38dfc782a85,T.Henderson,NE,RB,4,0.0,124.184,17.86,2.888,0.0,0.0,0.0,0.02
2026,00f22708-bdef-40e6-814d-886022e9be2c,J.Conner,ARI,RB,4,0.0,120.612,18.584,2.996,0.0,0.0,0.0,0.02
2026,735192a9-d468-49d0-b370-970c18fabac5,B.Hall,NYJ,RB,4,0.0,121.996,14.56,2.372,0.0,0.544,0.024,0.528
2026,533082ab-7fe9-4268-80bc-0139989251cf,K.Vidal,LAC,RB,4,0.0,119.112,16.412,2.664,0.0,1.004,0.048,0.926
2026,e2943507-602c-4422-83d3-b8127cd1b899,A.Gibson,NE,RB,4,0.0,122.928,12.44,2.052,0.0,0.784,0.028,0.7352
2026,1f577279-8063-42e6-ae7f-366536dfbf3e,T.Benson,ARI,RB,4,0.0,114.08,21.076,3.372,0.0,0.0,0.0,0.02
2026,5247cf70-ccdc-4fee-abb5-56faa544291f,R.Dowdle,CAR,RB,4,0.0,118.88,15.488,2.524,0.0,0.324,0.016,0.3248
2026,c717d85a-ce32-4128-a828-53555697e6ad,J.James,SF,RB,4,0.0,121.66,12.608,2.076,0.0,0.0,0.0,0.02
2026,682f2bcc-ad9a-49fd-b648-fd767ab9c15d,J.Blue,DAL,RB,4,0.0,122.892,9.884,1.648,0.0,1.564,0.044,1.3228
2026,f48b3351-0deb-4a52-9790-5631073f3d2c,I.Pacheco,KC,RB,4,0.0,122.496,9.884,1.648,0.0,1.348,0.036,1.17
2026,6355a7d7-5a4b-4c0f-9407-f8d0669ab8c5,D.Neal,NO,RB,4,0.0,115.852,11.236,1.86,0.0,0.296,0.008,0.2952
2026,90e22076-0605-4b85-8d97-1a83167c5c35,T.Spears,TEN,RB,4,0.0,97.24,29.628,4.612,0.0,0.0,0.0,0.02
2026,75533a5b-1037-45da-a572-2ccf5f61abc0,J.Williams,DAL,RB,4,0.0,110.952,15.348,2.48,0.0,0.936,0.044,0.8684
2026,cc8ed8e0-fd25-4c8f-bc2e-7c8b1975f241,P.Nacua,LA,WR,4,0.0,1.472,123.488,12.912,0.0,0.004,0.36,0.35
2026,e05bc7d0-a29b-4383-af57-b1fe99453e35,K.Herbert,NYJ,RB,4,0.0,111.62,12.92,2.12,0.0,0.752,0.028,0.7096
2026,6aa38a7a-22da-46a6-8752-ed1d48fbc686,A.Ekeler,WAS,RB,4,0.0,104.896,19.068,3.02,0.0,0.0,0.0,0.02
2026,6f1b239c-9e82-490d-abfd-2aa17a03f3a1,O.Gordon,MIA,RB,4,0.0,110.632,12.232,2.016,0.0,0.564,0.02,0.5448
2026,324eed4d-0d36-4dcf-818b-f956af29d709,M.Carter,ARI,RB,4,0.0,105.636,16.368,2.66,0.0,0.0,0.0,0.02
2026,f608ee90-c986-469d-b0d7-f7af91010dc5,D.Johnson,NE,RB,4,0.0,110.872,9.884,1.648,0.0,0.0,0.0,0.02
2026,a58328de-728b-4d76-84ca-804686864dfc,J.Patterson,LAC,RB,4,0.0,101.82,18.728,3.012,0.0,0.0,0.0,0.02
2026,af7855b9-7e3c-41da-a2b8-8c7f6cd88bee,R.White,TB,RB,4,0.0,104.516,15.9,2.564,0.0,0.0,0.0,0.02
2026,0a50de21-d75b-4e1e-86c9-191b0dccffec,J.Coker,CAR,WR,4,0.0,0.0,115.676,12.348,0.0,0.0,0.248,0.2396
2026,0ab5a80d-1207-4385-8df5-2f776ac16816,K.Hunt,KC,RB,4,0.0,93.492,18.404,2.964,0.0,0.508,0.032,0.5076
2026,50a47f49-5490-491b-a098-3f366fbaaac3,B.Brown,CHI,RB,4,0.0,98.028,11.76,1.94,0.0,0.0,0.0,0.02
2026,8ae3f84a-64da-421f-8ead-67fc9db6b553,C.Edwards-Helaire,KC,RB,4,0.0,93.332,14.124,2.312,0.0,0.0,0.0,0.02
2026,835436b8-2efa-47c1-b062-5211c94de8d0,R.Sanders,CLE,RB,4,0.0,94.376,12.492,2.056,0.0,0.328,0.016,0.33
2026,c9efa72c-b0b3-45d7-8af4-a734ef3a1e24,V.Jones,SEA,RB,4,0.0,95.608,9.884,1.648,0.0,0.0,0.0,0.02
2026,cc16131b-26f3-4e7b-8b52-32f7885b2adf,J.Jordan,HOU,RB,4,0.0,91.908,9.884,1.648,0.0,0.196,0.008,0.2
2026,f6e1063b-4d79-4005-b44c-7621b0f82a81,T.Bigsby,PHI,RB,4,0.0,91.868,9.884,1.648,0.0,0.224,0.008,0.2244
2026,34145909-5062-44b5-ba0b-f1ae6844bcde,T.Brooks,CIN,RB,4,0.0,89.264,12.32,2.032,0.0,0.0,0.0,0.02
2026,01542f54-ce56-438f-a484-c6bc9b77aabd,A.St. Brown,DET,WR,4,0.0,0.0,101.364,10.868,0.0,0.0,0.304,0.2932
2026,9d78928b-8c2f-4c2e-84ff-879c358142a1,B.Tuten,JAX,RB,4,0.0,90.6,9.98,1.664,0.0,0.152,0.004,0.1552
2026,00b3cb74-e58d-4660-b1df-2376a82120b6,B.Robinson,SF,RB,4,0.0,87.376,12.476,2.056,0.0,0.0,0.0,0.02
2026,92fae969-59d0-4086-8077-a13d62318149,K.Nwangwu,NYJ,RB,4,0.0,87.4,11.36,1.88,0.0,0.0,0.0,0.02
2026,edaab52d-788e-4c16-a037-2ce7975efb70,J.Wright,SEA,RB,4,0.0,88.704,9.884,1.648,0.0,0.0,0.0,0.02
2026,7bb1ecbd-ce2a-443f-881d-e3f993b6a1c0,Z.Charbonnet,SEA,RB,4,0.0,88.704,9.884,1.648,0.0,0.216,0.008,0.2168
2026,89f60e3e-0094-426a-9b96-b6b02351f727,N.Harris,LAC,RB,4,0.0,88.668,9.884,1.648,0.0,0.0,0.0,0.02
2026,9bd851b9-cba5-4c2a-989a-792d495db187,J.Jefferson,MIN,WR,4,0.0,0.712,97.552,10.404,0.0,0.0,0.092,0.0908
2026,489002b7-b67b-4d6a-80d9-6000e716b0ce,N.Chubb,HOU,RB,4,0.0,84.592,11.608,1.92,0.0,0.0,0.0,0.02
2026,17b3f22e-f45e-4eca-b13a-668a4cd32a8f,C.Skattebo,NYG,RB,4,0.0,82.976,13.04,2.14,0.0,0.14,0.008,0.144
2026,4f63ff11-fe96-4aa7-9831-9536b01dd6a9,C.Otton,TB,TE,4,0.0,0.0,95.288,10.06,0.0,0.0,0.312,0.3012
2026,38a24d2f-310f-47b9-b65c-ed661537f295,D.Pierce,KC,RB,4,0.0,84.468,9.884,1.648,0.0,0.0,0.0,0.02
2026,c7b60e7b-fe31-4675-9e2b-66d4d9c7a2d4,A.Kamara,NO,RB,4,0.0,80.956,12.616,2.076,0.0,0.0,0.0,0.02
2026,5c36d9ad-e706-41e2-901b-a2619071857f,J.McLaughlin,DEN,RB,4,0.0,77.98,14.988,2.444,0.0,0.0,0.0,0.02
2026,f48558ee-b75c-45c2-ac59-92809c0c01fc,P.Mafah,DAL,RB,4,0.0,77.184,15.708,2.54,0.0,0.164,0.012,0.1712
2026,2ad579e3-eb45-46a7-b5d5-c0449a7bd381,C.Kiner,ARI,RB,4,0.0,76.548,16.292,2.648,0.0,0.244,0.016,0.254
2026,59628400-7fa2-4f39-9dd8-8042b758dd04,J.Williams,TB,RB,4,0.0,81.448,9.884,1.648,0.0,0.0,0.0,0.02
2026,0b1f5016-8cbc-4512-8a82-0d3f67416080,S.Tucker,TB,RB,4,0.0,81.448,9.884,1.648,0.0,0.0,0.0,0.02
2026,a5673ce8-e626-4f8f-a1c0-7864036be6a3,R.Doubs,GB,WR,4,0.0,0.0,88.916,9.732,0.0,0.0,0.16,0.1572
2026,d4eda4a8-fe86-4f99-a138-c013a635acf3,K.Johnson,PIT,RB,4,0.0,78.752,9.884,1.648,0.0,0.0,0.0,0.02
2026,4c74f14f-2193-41d1-b3b4-fb34cb116198,Z.Scott,MIN,RB,4,0.0,75.388,12.416,2.044,0.0,0.364,0.02,0.3664
2026,841bfd08-c9e4-4bf4-8d65-e01b5aa326f4,T.Hunter,JAX,WR,4,0.0,1.08,85.992,9.272,0.0,0.004,0.168,0.168
2026,2ca07564-5314-4c69-a4c4-cd30a9e5d104,K.Milton,CIN,RB,4,0.0,76.896,9.884,1.648,0.0,0.0,0.0,0.02
2026,45b3fbbc-f2fd-4c9e-9b3b-e5621bb073e9,N.Carter,ATL,RB,4,0.0,76.004,9.884,1.648,0.0,0.0,0.0,0.02
2026,40dfaab3-2886-438e-a325-a15f68d1f3c8,K.Pitts,ATL,TE,4,0.0,0.0,85.656,9.34,0.0,0.0,0.26,0.2532
2026,67012cb2-bb0d-4618-b654-1ebfe8d27b1a,J.Saylors,DET,RB,4,0.0,75.192,9.884,1.648,0.0,0.0,0.0,0.02
2026,5fb2a5ff-a9dc-4667-9439-7bbdb6879309,M.Gaskin,SEA,RB,4,0.0,74.952,9.884,1.648,0.0,0.0,0.0,0.02
2026,915ac6b2-7aca-433e-88d2-fb7410483d09,O.Wright,TB,RB,4,0.0,74.672,9.884,1.648,0.0,0.0,0.0,0.02
2026,ecbca70b-71e1-43f2-bf2b-218d9cbe26b0,D.Dallas,JAX,RB,4,0.0,72.248,11.616,1.92,0.0,0.0,0.0,0.02
2026,fa88fc04-ab72-4b44-b18f-196905155362,J.Chase,CIN,WR,4,0.0,0.0,83.388,9.104,0.0,0.0,0.128,0.1256
2026,c16468cf-57e7-4340-8e23-9075fd8d41ba,B.Allen,NYJ,RB,4,0.0,73.08,9.884,1.648,0.0,0.332,0.016,0.3344
2026,de81a074-52e4-452a-a923-496eddc6a5d0,E.Demercado,ARI,RB,4,0.0,70.368,12.236,2.024,0.0,0.0,0.0,0.02
2026,04f69e0b-561d-4acd-a4da-f4ed2e8ef151,R.Gilliam,BUF,RB,4,0.0,70.64,11.62,1.92,0.0,0.092,0.004,0.0952
2026,48370aff-6673-4368-a31b-5328ac46e109,E.Hull,NO,RB,4,0.0,71.752,9.884,1.648,0.0,0.188,0.008,0.19
2026,38a43d9a-c7be-4ac0-878f-a7eeced4cbc3,D.Laube,LV,RB,4,0.0,71.58,9.884,1.648,0.0,0.0,0.0,0.02
2026,da36047b-a068-4cc0-8119-0179cef16707,G.Holani,SEA,RB,4,0.0,69.1,11.884,1.964,0.0,0.0,0.0,0.02
2026,4bf90f48-14f6-42ab-aa72-7f4e7b87e638,J.Hill,BAL,RB,4,0.0,63.564,17.124,2.748,0.0,0.488,0.044,0.4976
2026,36776784-59f3-4a60-a1e7-609889d4b6cb,W.Robinson,NYG,WR,4,0.0,0.0,80.584,8.736,0.0,0.0,0.16,0.1564
2026,c14e4813-3a18-43e1-969d-9b47ea13ab2c,M.Sanders,DAL,RB,4,0.0,64.724,15.828,2.56,0.0,0.0,0.0,0.02
2026,39c8ad89-a95a-4486-8c3d-ef8312e6ac3f,A.Abdullah,IND,RB,4,0.0,65.54,14.764,2.408,0.0,0.0,0.0,0.02
2026,3a986b7a-a012-40ca-9f01-2aa8cd1484bd,I.Davis,NYJ,RB,4,0.0,68.68,11.408,1.888,0.0,0.156,0.008,0.162
2026,527aee16-44d6-4527-9ec1-b6d981e9e8c1,E.Ayomanor,TEN,WR,4,0.0,0.0,79.472,8.764,0.0,0.0,0.0,0.02
2026,4c8b2a02-d4ab-4896-af38-2a000c2591f3,K.Mitchell,BAL,RB,4,0.0,68.92,9.884,1.648,0.0,0.0,0.0,0.02
2026,08786b66-962c-43b2-b93f-257484f8c7fb,J.Chestnut,TEN,RB,4,0.0,68.3,10.08,1.68,0.0,0.0,0.0,0.02
2026,e9efa888-9411-4093-b12a-78e40c413745,K.Mullings,TEN,RB,4,0.0,68.3,10.08,1.68,0.0,0.0,0.0,0.02
2026,86ed80c1-0dd7-4c07-a0b3-cea9fab60c0a,K.Juszczyk,SF,RB,4,0.0,65.62,12.476,2.056,0.0,0.0,0.0,0.02
2026,e479718c-de23-41e9-8178-d38ead666e13,A.Johnson,LAC,RB,4,0.0,66.008,11.948,1.972,0.0,0.0,0.0,0.02
2026,ba986501-71a5-4c41-8836-02933c11efda,P.Washington,JAX,WR,4,0.0,2.176,75.676,8.236,0.0,0.004,0.152,0.152
2026,f15f44a2-3b1c-41c9-b759-ff8598684e1c,T.Williams,CLE,RB,4,0.0,62.824,14.992,2.44,0.0,0.0,0.0,0.02
2026,42465aa3-53c4-4afb-bf91-0ac136659ba3,C.Kupp,SEA,WR,4,0.0,0.0,77.728,8.512,0.0,0.0,0.076,0.0736
2026,eb2c647e-6138-4708-bd65-35422f29f75c,R.Rice,KC,WR,4,0.0,0.0,77.504,8.552,0.0,0.0,0.172,0.1676
2026,fb47152c-3c47-4517-aafd-6bb67424d19d,T.Etienne,CAR,RB,4,0.0,67.028,9.884,1.648,0.0,0.0,0.0,0.02
2026,18850ce4-973b-4e21-a03e-aa04864658c8,C.Brooks,GB,RB,4,0.0,64.552,12.232,2.02,0.0,0.0,0.0,0.02
2026,11dae0b0-f3a8-420b-bdc3-bc358c4dcb0e,Z.White,LV,RB,4,0.0,64.664,11.852,1.956,0.0,0.0,0.0,0.02
2026,7d6dc53b-3a2a-4006-8120-947f79a43223,H.Luepke,DAL,RB,4,0.0,63.34,12.664,2.08,0.0,0.136,0.008,0.1424
2026,1469f8ef-106a-411b-8a88-2356c758380f,D.Ogunbowale,HOU,RB,4,0.0,62.3,13.424,2.204,0.0,0.0,0.0,0.02
2026,d056f4ac-cd4e-4ed9-ae55-2578d4598761,T.Jennings,NE,RB,4,0.0,65.684,9.884,1.648,0.0,0.428,0.02,0.424
2026,32e836f7-f899-4536-bac2-b6584f55a528,C.Ham,MIN,RB,4,0.0,62.808,12.6,2.076,0.0,0.152,0.012,0.1592
2026,1fbfbedc-81ed-40ea-8bac-2007ea616902,L.Allen,JAX,RB,4,0.0,63.508,11.668,1.928,0.0,0.0,0.0,0.02
2026,e322f057-dca3-4242-83e0-4077db65cb28,R.Mostert,LV,RB,4,0.0,63.312,11.604,1.916,0.0,0.204,0.012,0.2116
2026,e432064c-a8c6-4b83-8119-a0bf2e30fa6f,X.Hutchinson,HOU,WR,4,0.0,0.0,74.872,8.332,0.0,0.0,0.0,0.02
2026,0dfeace1-56b3-4ada-a16d-60734cb9be80,S.Vaki,DET,RB,4,0.0,64.86,9.884,1.648,0.0,0.0,0.0,0.02
2026,3d12ca35-8ab0-41ad-b980-b7fc82d41bab,T.Goodson,IND,RB,4,0.0,64.86,9.884,1.648,0.0,0.0,0.0,0.02
2026,a65460de-bc04-4b41-a3c1-0a130c32fc43,U.Bentley,IND,RB,4,0.0,64.86,9.884,1.648,0.0,0.0,0.0,0.02
2026,892d7782-1ecc-4137-aeb0-9e80c69e4034,D.London,ATL,WR,4,0.0,0.0,74.568,8.244,0.0,0.0,0.232,0.2244
2026,7692e703-0c10-4245-bb50-a88585c6b0f4,K.Miller,NO,RB,4,0.0,64.38,10.076,1.68,0.0,0.0,0.0,0.02
2026,76bf4a32-0924-40a4-91b6-26b69c668fed,R.Johnson,CHI,RB,4,0.0,64.356,10.076,1.68,0.0,0.0,0.0,0.02
2026,6572040d-90dd-479c-8d99-faf7175127c3,E.Wilson,GB,RB,4,0.0,64.308,9.884,1.648,0.0,0.0,0.0,0.02
2026,a4c95f75-76ae-4729-b36b-053b14fb2a51,Z.Flowers,BAL,WR,4,0.0,0.0,74.164,8.072,0.0,0.0,0.0,0.02
2026,3a0091ff-06bf-492a-9528-03ae4f8f866d,J.Ford,CLE,RB,4,0.0,55.924,17.944,2.884,0.0,0.196,0.02,0.2104
2026,891d5ad8-ad2b-40a2-bd88-2f4c64d4009a,T.Higgins,CIN,WR,4,0.0,0.0,73.62,8.132,0.0,0.0,0.34,0.3272
2026,2f438cff-7f2a-46e7-b3b1-0ab1d0fe8aa4,T.Homer,CHI,RB,4,0.0,63.124,9.884,1.648,0.0,0.0,0.0,0.02
2026,01c9d65e-2883-4bde-a469-45abe5508fee,J.McNichols,WAS,RB,4,0.0,60.828,12.08,1.988,0.0,0.0,0.0,0.02
2026,4e18e3ca-b72d-4c47-ba00-865ad3e61750,R.Ali,BAL,RB,4,0.0,61.72,9.884,1.648,0.0,0.0,0.0,0.02
2026,2e3ef41a-d0ea-473a-b249-559f5a424df1,A.Prentice,DEN,RB,4,0.0,61.392,10.076,1.68,0.0,0.0,0.0,0.02
2026,e91b7026-2866-4587-96e6-3eba8e3346af,T.Badie,DEN,RB,4,0.0,61.392,10.076,1.68,0.0,0.0,0.0,0.02
2026,efbc865a-57b4-4ae3-ab3d-27d27dffa258,Z.Knight,ARI,RB,4,0.0,61.576,9.884,1.648,0.0,0.0,0.0,0.02
2026,2a4f97df-adf9-4894-8746-653f8ca1aa76,H.Haskins,LAC,RB,4,0.0,61.38,10.076,1.68,0.0,0.0,0.0,0.02
2026,d0e121df-25e6-4268-9e79-b99acb8e9160,D.Smith,PHI,WR,4,0.0,0.0,70.728,7.752,0.0,0.0,0.068,0.0672
2026,8f098248-9e51-459e-9143-391d54b5fa5e,S.Matlock,LAC,RB,4,0.0,56.188,14.516,2.376,0.0,0.0,0.0,0.02
2026,b9c5b95f-dcad-4853-bbe4-c3b2db8b2c1d,R.Flournoy,DAL,WR,4,0.0,0.0,70.576,7.7,0.0,0.0,0.0,0.02
2026,16cd7307-da4f-405d-a98d-e8bb22f5599f,O.Hampton,LAC,RB,4,0.0,60.212,9.884,1.648,0.0,0.0,0.0,0.02
2026,7ba157fe-8377-41a1-a198-69fa83069f58,P.Ricard,BAL,RB,4,0.0,56.216,13.64,2.232,0.0,0.0,0.0,0.02
2026,12e216b4-a162-43d0-ba51-c53c2821df6e,A.Ingold,MIA,RB,4,0.0,54.992,14.592,2.38,0.0,0.0,0.0,0.02
2026,927c45e7-007a-40b8-9592-815d97fbc701,M.Hollins,NE,WR,4,0.0,0.0,69.28,7.74,0.0,0.0,0.18,0.1768
2026,bfdba9dd-9ada-42df-a194-faabb73703c4,J.Westover,NE,RB,4,0.0,55.904,12.7,2.096,0.0,0.0,0.0,0.02
2026,fe874b96-e2c0-4f68-9815-af65b06e6738,T.McMillan,CAR,WR,4,0.0,0.0,68.452,7.64,0.0,0.0,0.0,0.02
2026,51239dbe-c985-42a4-bdb6-e31bea991d12,R.Davis,BUF,RB,4,0.0,54.912,13.184,2.164,0.0,0.0,0.0,0.02
2026,954d5b41-02ea-4047-8385-515c5118690c,A.Beck,NYJ,RB,4,0.0,54.84,12.92,2.12,0.0,0.124,0.008,0.1328
2026,decaa350-cdc1-4d6e-815c-05b1015546b9,F.Gore,BUF,RB,4,0.0,55.812,11.744,1.944,0.0,0.0,0.0,0.02
2026,d319398e-5718-4df6-ad86-c4a7fcc3ce59,R.Rivers,LA,RB,4,0.0,54.688,12.336,2.032,0.0,0.0,0.0,0.02
2026,20e5eda2-e6a7-45e5-8ed5-958a5d49a8ae,C.Loveland,CHI,TE,4,0.0,0.0,66.94,7.408,0.0,0.0,0.0,0.02
2026,e72096d9-8234-4879-b3b4-9fd4bf4aac4e,T.Warren,IND,TE,4,0.0,0.0,66.604,7.392,0.0,0.0,0.136,0.1356
2026,362301d5-6a24-485e-889d-7f3eafbb66b3,A.Dillon,PHI,RB,4,0.0,54.724,11.648,1.924,0.0,0.132,0.008,0.14
2026,53f7c2dd-3fec-4e55-9991-00e4d7c2fc74,W.Shipley,PHI,RB,4,0.0,54.724,11.648,1.924,0.0,0.0,0.0,0.02
2026,b15194e9-dfde-4c31-80f2-cbd7d0bc76ae,B.Russell,SEA,RB,4,0.0,54.644,11.708,1.932,0.0,0.0,0.0,0.02
2026,85044b35-48a5-43ad-8b8b-525299fb9ac9,R.Ouzts,SEA,RB,4,0.0,54.644,11.708,1.932,0.0,0.0,0.0,0.02
2026,e318bcf4-6f17-4a62-ba7b-9283a4aab86c,D.Mooney,ATL,WR,4,0.0,0.0,65.164,7.284,0.0,0.0,0.204,0.1988
2026,8d9cebd3-3534-48a0-a4e9-2c0ebc5c1c94,J.Smith-Njigba,SEA,WR,4,0.0,0.0,64.66,7.192,0.0,0.0,0.064,0.0624
2026,bc093a81-2f9d-44f8-85cc-cb7d3f539296,D.Douglas,NE,WR,4,0.0,0.0,63.768,7.148,0.0,0.0,0.0,0.02
2026,321f2f7a-617b-4114-867a-7188cd496cff,J.Higgins,HOU,WR,4,0.0,0.0,62.348,7.004,0.0,0.0,0.0,0.02
2026,bb6900c7-cf17-450b-b596-4a3542add3ef,C.Austin,PIT,WR,4,0.0,0.0,60.748,6.836,0.0,0.0,0.0,0.02
2026,87b536c6-701f-4a71-b52e-0d8f7d4ec694,T.McBride,ARI,TE,4,0.0,0.0,60.736,6.816,0.0,0.0,0.0,0.02
2026,a7d95c35-eb3d-4b5e-a2b2-99a22df56259,J.Reed,GB,WR,4,0.0,0.928,58.824,6.632,0.0,0.0,0.108,0.1092
2026,6b78568e-15e7-485d-ab78-b85134c79c82,A.Pierce,IND,WR,4,0.0,0.0,59.72,6.692,0.0,0.0,0.124,0.1228
2026,befb93dc-de67-4344-9d23-a1fa6a9d682f,M.Wilson,ARI,WR,4,0.0,0.0,59.496,6.708,0.0,0.0,0.156,0.1536
2026,d366aedd-7ef1-47c6-a3bb-637a4559f332,D.Moore,CHI,WR,4,0.0,0.74,58.332,6.496,0.0,0.0,0.14,0.1392
2026,60f4cd06-05df-4280-add3-4cecee3a82d3,K.Allen,LAC,WR,4,0.0,0.0,58.72,6.636,0.0,0.0,0.104,0.102
2026,a83d87f5-9208-48ee-a81c-bba3090ea426,J.Tonges,SF,TE,4,0.0,0.0,58.644,6.54,0.0,0.0,0.0,0.02
2026,975d437e-c293-4704-8573-68420a22d271,J.Williams,DET,WR,4,0.0,0.0,57.548,6.468,0.0,0.0,0.06,0.06
2026,12c85e25-4ab3-432a-8046-7f8b9f971f0e,C.Watson,GB,WR,4,0.0,0.0,57.348,6.5,0.0,0.0,0.052,0.0532
2026,2e5cbb33-2ffd-4dc1-af97-8edb43d325e6,D.Slayton,NYG,WR,4,0.0,0.0,57.212,6.42,0.0,0.0,0.116,0.1156
2026,3d8e6090-ab45-4750-a145-b5bc16812bc8,C.Olave,NO,WR,4,0.0,0.0,56.124,6.296,0.0,0.0,0.116,0.116
2026,6af876b7-d6ca-483e-bfab-51357985a24c,D.Adams,LA,WR,4,0.0,0.0,56.112,6.316,0.0,0.0,0.088,0.0876
2026,c669f87b-fdf2-458b-92b9-5fc841b4bec5,J.Jeudy,CLE,WR,4,0.0,0.98,55.116,6.204,0.0,0.0,0.0,0.02
2026,a182f320-892e-4344-8c39-d03ec8d397c4,K.Shakir,BUF,WR,4,0.0,0.0,55.652,6.236,0.0,0.0,0.088,0.0864
2026,f2d53b95-9164-4690-9459-eb91bb312ee6,T.Hill,MIA,WR,4,0.0,0.0,55.452,6.208,0.0,0.0,0.0,0.02
2026,d99e2c6d-aef8-4250-9bec-3a167ae51085,M.Mims,DEN,WR,4,0.0,0.0,55.408,6.248,0.0,0.0,0.0,0.02
2026,2d7eb92c-9618-4cf0-ae6f-cd4e3f9bfcbc,G.Olszewski,NYG,WR,4,0.0,0.0,54.976,6.14,0.0,0.0,0.0,0.02
2026,835b972d-7fc1-48d2-bfb6-4ad15a30a0a1,H.Henry,NE,TE,4,0.0,0.0,54.524,6.188,0.0,0.0,0.144,0.1416
2026,ce987bc8-98ca-4ce6-85b3-8e9ef51b0a8f,M.Valdes-Scantling,PIT,WR,4,0.0,0.0,53.292,6.044,0.0,0.0,0.0,0.02
2026,4aefe4b3-05d4-4513-8386-ceefefe04e87,D.Metcalf,PIT,WR,4,0.0,0.0,52.648,5.992,0.0,0.0,0.0,0.02
2026,7f3e9ce8-9c8d-4d38-b381-3e43b24bf041,L.Burden,CHI,WR,4,0.0,0.72,50.692,5.712,0.0,0.004,0.184,0.1828
2026,acc8f432-b907-4fdf-84cb-69390cf04c23,J.Reynolds,NYJ,WR,4,0.0,0.0,50.764,5.74,0.0,0.0,0.0,0.02
2026,fa192789-c280-45f1-b92c-b3d6a2e97cb5,D.Goedert,PHI,TE,4,0.0,0.856,48.836,5.508,0.0,0.004,0.144,0.1444
2026,046bd3b8-161d-4c19-9816-df5ce3e96947,J.Jennings,SF,WR,4,0.0,0.0,48.536,5.512,0.0,0.0,0.0,0.02
2026,017301c4-fe49-48a1-a533-db70f693a734,C.Sutton,DEN,WR,4,0.0,0.0,48.348,5.504,0.0,0.0,0.06,0.0588
2026,05d9b42e-040e-46c9-8a22-97abfe74c5ce,M.Taylor,NYJ,TE,4,0.0,0.0,48.184,5.452,0.0,0.0,0.0,0.02
2026,eb41f78e-bfc6-47e4-8f04-1d8b1231218f,Q.Johnston,LAC,WR,4,0.0,0.0,47.996,5.484,0.0,0.0,0.0,0.02
2026,e97f648c-f826-40a0-a562-437d2714fd40,A.Brown,PHI,WR,4,0.0,0.0,47.628,5.404,0.0,0.0,0.0,0.02
2026,0a931859-dbbe-4421-8bdc-ee6094237041,R.Shaheed,NO,,4,0.0,0.0,47.204,5.368,0.0,0.0,0.052,0.0496
2026,353c0718-b585-42e4-9fdd-65abf246f4d1,K.Boutte,NE,WR,4,0.0,0.0,47.0,5.4,0.0,0.0,0.0,0.02
2026,21d63dde-da33-498d-8984-467c8fa08df0,M.Golden,GB,WR,4,0.0,0.0,46.992,5.376,0.0,0.0,0.0,0.02
2026,b8dae940-0938-432d-9b8c-3fc0ae4c8906,N.Collins,HOU,WR,4,0.0,0.0,46.96,5.38,0.0,0.0,0.0,0.02
2026,48a61718-24ab-4c6a-946e-56764c8f0206,M.Brown,KC,WR,4,0.0,0.0,46.896,5.364,0.0,0.0,0.0,0.02
2026,6e6da15e-254a-4ee3-b0c8-2eaf5875f22f,T.Kelce,KC,TE,4,0.0,0.0,46.896,5.364,0.0,0.0,0.0,0.02
2026,389896d3-fe13-4951-a2cc-c9cb4ae0d189,K.Austin,NO,WR,4,0.0,0.0,46.844,5.336,0.0,0.0,0.0,0.02
2026,95e7d98d-3b0e-42aa-90d3-4ef7b44feba0,T.Wease,MIA,WR,4,0.0,0.0,46.584,5.3,0.0,0.0,0.048,0.0492
2026,64755288-83b6-45d3-9d82-11807c2f5994,C.Okonkwo,TEN,TE,4,0.0,0.0,46.532,5.32,0.0,0.0,0.0,0.02
2026,7bb0990e-39c4-4d54-9fd7-b1d9bc9d8288,D.Samuel,WAS,WR,4,0.0,1.276,44.18,4.992,0.0,0.0,0.0,0.02
2026,118470e6-4c10-41fd-9c53-8f079c8747aa,R.Odunze,CHI,WR,4,0.0,0.0,45.16,5.148,0.0,0.0,0.0,0.02
2026,80869be9-a016-466d-8e55-fbd21a0b51ec,I.Williams,NYJ,WR,4,0.0,0.0,44.024,5.004,0.0,0.0,0.0,0.02
2026,c6167e32-0cee-4e3f-acb3-c49a59870203,A.Okwuegbunam,LV,TE,4,0.0,0.0,43.876,4.972,0.0,0.0,0.06,0.0576
2026,55480340-bb90-4518-9695-e85dd3d36015,J.Meyers,LV,,4,0.0,0.0,43.708,4.964,0.0,0.0,0.0,0.02
2026,8a6f4627-ab82-4cb4-92df-699336ac1690,D.Kincaid,BUF,TE,4,0.0,0.0,43.368,4.94,0.0,0.0,0.024,0.0228
2026,2f0f3999-0f08-41d7-83f3-7bf733899142,X.Legette,CAR,WR,4,0.0,0.0,43.172,4.98,0.0,0.0,0.048,0.0496
2026,b59c0df7-c6c7-412f-8abd-2bf54a74bfa2,T.Tucker,LV,WR,4,0.0,0.912,42.224,4.808,0.0,0.0,0.056,0.0568
2026,3c8c24b6-f2b3-4130-86e6-389a16aa6104,M.Andrews,BAL,TE,4,0.0,0.0,42.768,4.864,0.0,0.0,0.0,0.02
2026,da359930-7530-4fbe-95b3-a65e46558c10,H.Bryant,HOU,TE,4,0.0,0.0,42.744,4.92,0.0,0.0,0.0,0.02
2026,5bfdeab0-8d49-4746-a2be-60598dcbcf43,C.Parkinson,LA,TE,4,0.0,0.0,42.736,4.896,0.0,0.0,0.0,0.02
2026,efba363a-c6ab-4be9-998e-072e065fc2b9,S.LaPorta,DET,TE,4,0.0,0.0,42.612,4.876,0.0,0.0,0.044,0.0452
2026,9f759ea4-6e4c-44b2-9eb1-44640e42493b,M.Washington,MIA,WR,4,0.0,1.48,41.116,4.684,0.0,0.004,0.088,0.0896
2026,5da8b083-96f7-43b0-8b97-365397bd59e6,J.Downs,IND,WR,4,0.0,1.052,41.504,4.728,0.0,0.0,0.0,0.02
2026,e89ed330-2fe2-43ee-be6c-0fe8db74e4bf,K.Lambert-Smith,LAC,WR,4,0.0,0.0,42.42,4.884,0.0,0.0,0.0,0.02
2026,f9dd5323-f4d9-447e-8f5d-3e07ccece524,C.Kirk,HOU,WR,4,0.0,0.0,42.356,4.884,0.0,0.0,0.076,0.0752
2026,d6bb9e59-3e25-468e-9bb1-ea8b5eccfdff,N.Gray,KC,TE,4,0.0,0.0,42.016,4.832,0.0,0.0,0.0,0.02
2026,6a67a584-8cf6-417f-90b0-34a7577fc8da,W.Dissly,LAC,TE,4,0.0,0.0,41.928,4.84,0.0,0.0,0.0,0.02
2026,f3027194-2b41-4db7-b6e1-10cb47514b73,C.Dike,TEN,WR,4,0.0,0.0,41.436,4.756,0.0,0.0,0.0,0.02
2026,72729e1e-0b13-4aad-91ac-3d76f92c4685,T.McLaurin,WAS,WR,4,0.0,0.0,41.092,4.668,0.0,0.0,0.0,0.02
2026,97978f02-25a5-40fd-972c-1321c2671005,M.Alie-Cox,IND,TE,4,0.0,0.0,40.916,4.692,0.0,0.0,0.044,0.0436
2026,3e6a412e-f820-4a69-b411-e7cbf41f2937,S.Zylstra,DET,TE,4,0.0,0.0,40.608,4.672,0.0,0.0,0.044,0.0432
2026,cb3d52be-8be1-4f0f-9853-bb42f129ee5f,G.Dulcich,MIA,TE,4,0.0,0.0,40.596,4.652,0.0,0.0,0.0,0.02
2026,16125e50-cd99-4225-a124-62507be3ffd8,B.Cooks,BUF,WR,4,0.0,0.0,40.508,4.656,0.0,0.0,0.02,0.0216
2026,0a931859-dbbe-4421-8bdc-ee6094237041,R.Shaheed,SEA,WR,4,0.0,0.624,39.88,4.576,0.0,0.0,0.04,0.0404
2026,ae9c14bb-de54-4cc9-8a98-0b1ab5806ae9,B.Sims,MIN,TE,4,0.0,0.0,40.212,4.628,0.0,0.0,0.04,0.0404
2026,8b257ca3-4915-4a9f-9cc7-70bd81d7af59,M.Pittman,IND,WR,4,0.0,0.0,40.192,4.624,0.0,0.0,0.088,0.0852
2026,ba7a8faf-a5e9-49dd-afa4-377d5fca40b1,K.Granson,PHI,TE,4,0.0,0.0,40.072,4.584,0.0,0.0,0.04,0.04
2026,83893fcf-5f86-406b-b1c7-8f4f45987702,B.Berrios,HOU,WR,4,0.0,0.0,39.992,4.604,0.0,0.0,0.036,0.0356
2026,3e1facee-6951-4b77-b51f-1f7a04250828,B.Bowers,LV,TE,4,0.0,0.0,39.752,4.532,0.0,0.0,0.052,0.0524
2026,4c813722-0f2e-4c3b-ae06-bf0e4b32e2f0,T.Burks,WAS,WR,4,0.0,0.0,38.852,4.448,0.0,0.0,0.04,0.0388
2026,80a87ed4-7f37-41e3-80a9-7f6581431750,B.Strange,JAX,TE,4,0.0,0.0,38.612,4.448,0.0,0.0,0.028,0.0268
2026,8b8c7b1a-90f6-4931-b9d8-3c8cfb0c920b,J.Smith,PIT,TE,4,0.0,0.0,38.532,4.452,0.0,0.0,0.0,0.02
2026,7f5bf6e3-b07c-4361-bc95-0311908c7bf8,L.McConkey,LAC,WR,4,0.0,0.0,38.488,4.444,0.0,0.0,0.0,0.02
2026,44db107c-a7ce-49ae-ba2b-dc3ae85181a0,M.Mayer,LV,TE,4,0.0,0.0,38.464,4.408,0.0,0.0,0.052,0.0512
2026,2a5af105-ecb4-4ae4-89c6-d47b7b108737,T.Tremble,CAR,TE,4,0.0,0.0,38.268,4.416,0.0,0.0,0.0,0.02
2026,237d3676-845c-4673-a697-e3100108cb0b,B.Spann-Ford,DAL,TE,4,0.0,0.0,38.176,4.376,0.0,0.0,0.0,0.02
2026,c5ddc36c-396d-4108-9137-e78b64ae84a8,D.Vele,NO,WR,4,0.0,0.0,38.172,4.392,0.0,0.0,0.0,0.02
2026,07b45f1c-fb0a-40db-939b-4ee4836e9343,P.Freiermuth,PIT,TE,4,0.0,0.0,37.948,4.4,0.0,0.0,0.0,0.02
2026,766ec4f5-92c5-4b06-a338-38a14f175030,T.Lockett,LV,WR,4,0.0,0.0,37.548,4.324,0.0,0.0,0.0,0.02
2026,bac91e1b-f24a-431e-a656-d23a3ef5e9f5,E.Egbuka,TB,WR,4,0.0,0.0,37.476,4.308,0.0,0.0,0.068,0.0664
2026,83978a45-a7da-408d-a462-426f5444a908,D.Knox,BUF,TE,4,0.0,0.0,37.4,4.312,0.0,0.0,0.0,0.02
2026,1359d114-9fb9-4783-8101-efdec545f961,A.Barner,SEA,TE,4,0.0,0.0,37.216,4.284,0.0,0.0,0.036,0.0372
2026,25a7a31f-fff0-4a52-96c3-f40f823c5343,T.Horton,SEA,WR,4,0.0,0.0,37.216,4.284,0.0,0.0,0.036,0.0372
2026,35484e4c-03b7-453e-80fd-be2fa1ac62aa,G.Pickens,DAL,WR,4,0.0,0.0,36.984,4.26,0.0,0.0,0.068,0.0656
2026,3c26dce6-b5d7-4026-b212-1b22c6b4a9e7,J.Nailor,MIN,WR,4,0.0,0.0,36.672,4.224,0.0,0.0,0.0,0.02
2026,2c13fedd-2d1a-49af-8794-61bf00446701,T.Kennedy,DET,WR,4,0.0,0.0,36.608,4.224,0.0,0.0,0.0,0.02
2026,de90c83e-b445-439c-befe-655f3d2c50d7,V.Jefferson,TEN,WR,4,0.0,0.0,36.484,4.216,0.0,0.0,0.0,0.02
2026,54bf441b-5cc8-4ffc-9951-89c03d555b42,B.Wright,DET,TE,4,0.0,0.0,36.224,4.188,0.0,0.0,0.0,0.02
2026,8ea2703a-b355-44a5-a0d5-3ade7964e460,S.Diggs,NE,WR,4,0.0,0.0,36.224,4.192,0.0,0.0,0.0,0.02
2026,ce987bc8-98ca-4ce6-85b3-8e9ef51b0a8f,M.Valdes-Scantling,SF,,4,0.0,0.0,36.224,4.18,0.0,0.0,0.0,0.02
2026,da501cdf-983b-48c5-9918-7569b745567c,A.Hooper,NE,TE,4,0.0,0.0,36.08,4.188,0.0,0.0,0.0,0.02
2026,44ecc125-b690-4177-93f9-f03d50825239,E.Engram,DEN,TE,4,0.0,0.0,35.728,4.14,0.0,0.0,0.0,0.02
2026,9505074b-e13e-401f-a269-a589537be748,D.Sample,CIN,TE,4,0.0,0.0,35.704,4.132,0.0,0.0,0.0,0.02
2026,74d11e7b-f3ab-49eb-8b7f-27ca20789099,D.Walker,BAL,WR,4,0.0,0.0,35.56,4.088,0.0,0.0,0.0,0.02
2026,ae5846b3-e4d7-42a1-bd13-81760f0a83b2,I.Likely,BAL,TE,4,0.0,0.0,35.56,4.088,0.0,0.0,0.0,0.02
2026,f13f2ccc-61dd-4815-8417-4b6f780c7f3b,M.Tipton,NO,WR,4,0.0,0.872,34.58,3.992,0.0,0.0,0.036,0.038
2026,24fa8fd8-69ba-45e6-b4b2-b530f48b8c92,L.Humphrey,DEN,WR,4,0.0,0.0,35.2,4.092,0.0,0.0,0.0,0.02
2026,ee96a79b-a709-457f-a28b-3c704a468920,T.Atwell,LA,WR,4,0.0,0.0,35.14,4.08,0.0,0.0,0.0,0.02
2026,9f759ea4-6e4c-44b2-9eb1-44640e42493b,T.Washington,MIA,WR,4,0.0,0.0,34.792,4.028,0.0,0.0,0.036,0.0376
2026,7da25b9b-7510-4f92-98a5-2cb63cd6aa2d,A.Iosivas,CIN,WR,4,0.0,0.0,34.7,4.028,0.0,0.0,0.056,0.056
2026,75916bc5-a3af-4067-9720-00cca5c17ac9,M.Gesicki,CIN,TE,4,0.0,0.0,34.7,4.028,0.0,0.0,0.056,0.056
2026,50851ff2-e9f9-45ed-a73b-7efcf44b57ff,D.Martin-Robinson,TEN,TE,4,0.0,0.0,34.644,4.028,0.0,0.0,0.0,0.02
2026,5ce4d5c2-18c4-4c4d-b3a0-039eb4a3d989,J.Addison,MIN,WR,4,0.0,0.0,34.632,4.016,0.0,0.0,0.036,0.0348
2026,d561b61f-7998-40a8-82a4-875cc5706ed4,T.Kraft,GB,TE,4,0.0,0.0,34.572,4.02,0.0,0.0,0.032,0.0328
2026,12e86754-f8a5-4373-b084-302c36dbc6a6,D.Pettis,NO,WR,4,0.0,0.0,34.556,3.992,0.0,0.0,0.0,0.02
2026,b7c200b0-4cfb-412c-921e-a780f8692b75,L.McCaffrey,WAS,WR,4,0.0,0.0,34.496,3.964,0.0,0.0,0.0,0.02
2026,f69f2a06-b9b5-4848-bed1-ae6cb0a090cb,B.Covey,PHI,WR,4,0.0,0.0,34.46,3.988,0.0,0.0,0.0,0.02
2026,55480340-bb90-4518-9695-e85dd3d36015,J.Meyers,JAX,WR,4,0.0,0.0,34.152,3.964,0.0,0.0,0.024,0.024
2026,f3ad686a-917f-495c-ba19-e67e7b21dad5,D.Waller,MIA,TE,4,0.0,0.0,33.956,3.944,0.0,0.0,0.0,0.02
2026,e10fc805-9026-4fe2-8714-d074bd8ca1be,J.Johnson,NO,TE,4,0.0,0.0,33.796,3.92,0.0,0.0,0.0,0.02
2026,33dd338f-5de8-4760-8d4d-007f071cad8c,A.Trammell,JAX,WR,4,0.0,0.0,33.784,3.932,0.0,0.0,0.024,0.024
2026,1b207068-6c7e-480f-9923-06f2128115d6,E.Higgins,ARI,TE,4,0.0,0.0,33.676,3.916,0.0,0.0,0.0,0.02
2026,f3dfcb32-2500-4f7d-8e4a-0b276a390d97,M.Corley,CLE,WR,4,0.0,2.892,30.652,3.528,0.0,0.004,0.044,0.0488
2026,070528cf-a9c0-48c4-a759-be8a5cd3922f,O.Gadsden,LAC,TE,4,0.0,0.0,33.416,3.88,0.0,0.0,0.0,0.02
2026,0d83d213-d939-46f6-b48d-cbfa7e63c806,T.Fisk,LAC,TE,4,0.0,0.0,33.416,3.88,0.0,0.0,0.06,0.06
2026,ff157432-dabf-43cf-96af-8ff8ebad77a9,T.Harris,LAC,WR,4,0.0,0.0,33.024,3.844,0.0,0.0,0.0,0.02
2026,1bd6ba6e-0334-4184-a6f8-4d5dcf7c276f,D.Hopkins,BAL,WR,4,0.0,0.0,32.96,3.832,0.0,0.0,0.0,0.02
2026,f78e2b4f-796b-41c8-9af0-75caf042eb26,A.Thielen,PIT,WR,4,0.0,0.0,32.664,3.804,0.0,0.0,0.108,0.1052
2026,f011864a-8a7b-4638-b49f-d229e07bcfea,D.Washington,PIT,TE,4,0.0,0.0,32.664,3.804,0.0,0.0,0.0,0.02
2026,1525a1a7-7b4c-4fc8-82e3-d0e3d8049507,K.Raymond,DET,WR,4,0.0,0.0,32.56,3.784,0.0,0.0,0.0,0.02
2026,fd9494d8-4d0d-4075-8b31-59c31dbef36f,M.Evans,TB,WR,4,0.0,0.0,32.548,3.76,0.0,0.0,0.0,0.02
2026,12f8c048-b279-4f65-b939-fdbe8ede05c4,X.Weaver,ARI,WR,4,0.0,0.0,32.532,3.792,0.0,0.0,0.044,0.044
2026,48a86180-2857-4c87-a70a-b3b156f158dc,J.Metchie,NYJ,WR,4,0.0,0.0,32.528,3.768,0.0,0.0,0.0,0.02
2026,33cf9116-000e-4e42-a4bb-00524aa7e1c8,T.Thornton,KC,WR,4,0.0,0.0,32.512,3.788,0.0,0.0,0.0,0.02
2026,13377595-68fc-4870-b538-55539284b2d2,X.Worthy,KC,WR,4,0.0,0.776,31.612,3.692,0.0,0.0,0.0,0.02
2026,e20adbbe-669d-4d26-b64a-84332cd2acfd,C.Kmet,CHI,TE,4,0.0,0.0,32.328,3.744,0.0,0.0,0.04,0.04
2026,e815c363-7045-4e2e-af17-8d61ed06e00e,J.Royals,KC,WR,4,0.0,0.0,32.252,3.756,0.0,0.0,0.0,0.02
2026,41013c19-aa50-416f-aa97-1357e9ebdbd8,A.Baccellia,ARI,WR,4,0.0,0.0,32.176,3.76,0.0,0.0,0.044,0.0436
2026,254587e7-6a8c-4ef6-ad58-e4f4cbd49ec5,J.Brooks,ARI,WR,4,0.0,0.0,32.176,3.76,0.0,0.0,0.0,0.02
2026,9fd386e9-b707-4573-8798-228dfd0586cb,J.Walker,CHI,WR,4,0.0,0.0,31.92,3.708,0.0,0.0,0.0,0.02
2026,0b36dce8-d96f-41bf-9a25-a9ebf8c29895,S.Miller,PIT,WR,4,0.0,0.0,31.908,3.716,0.0,0.0,0.0,0.02
2026,dfecf1de-d300-4e69-93bc-20c4513f98c0,J.Whittington,LA,WR,4,0.0,1.396,30.188,3.5,0.0,0.0,0.0,0.02
2026,1af5fe9f-0b86-407e-9071-b814a07c9834,C.Stover,HOU,TE,4,0.0,1.34,30.24,3.524,0.0,0.004,0.084,0.0848
2026,927ee7f8-66ac-4b7a-9998-56e07a422933,A.Firkser,DET,TE,4,0.0,0.0,31.452,3.664,0.0,0.0,0.036,0.034
2026,ad7e840b-2470-474e-a371-36c62befbf64,E.Saubert,SEA,TE,4,0.0,0.0,31.208,3.632,0.0,0.0,0.032,0.0316
2026,38d1f118-d4b1-4550-932e-ebfebfb25c98,J.Sanders,CAR,TE,4,0.0,0.0,31.144,3.632,0.0,0.0,0.036,0.036
2026,a9459192-652d-45dc-88f6-5c3d5d23f12e,M.Bandy,DEN,WR,4,0.0,0.0,30.772,3.588,0.0,0.0,0.0,0.02
2026,631385df-a7e6-4eb7-8b2b-e19769a2551f,J.Ferguson,DAL,TE,4,0.0,0.0,30.764,3.576,0.0,0.0,0.028,0.0276
2026,3193f354-0b23-4321-b879-2e9fcd02ec84,I.Bond,CLE,WR,4,0.0,0.956,29.78,3.464,0.0,0.0,0.0,0.02
2026,61cd0e72-b9fb-41e8-8c55-e743845d576c,H.Renfrow,CAR,WR,4,0.0,0.0,30.688,3.592,0.0,0.0,0.0,0.02
2026,8735f01e-d001-4390-9408-f3de8989eca3,G.Calcaterra,PHI,TE,4,0.0,0.0,30.688,3.572,0.0,0.0,0.064,0.062
2026,407ae3e7-477f-4c39-9982-fa181de093ed,R.McCloud,ATL,,4,0.0,0.0,30.544,3.568,0.0,0.0,0.0,0.02
2026,1c595f86-383f-4657-b7de-b208344ae2d6,R.Bell,NO,WR,4,0.0,0.0,30.524,3.56,0.0,0.0,0.068,0.066
2026,cbf4e427-44ca-43bc-bcb0-76966109ee25,K.Latu,BUF,TE,4,0.0,0.0,30.456,3.548,0.0,0.0,0.0,0.02
2026,92cb0b66-4a07-426a-87cb-4c104a63b111,J.Oliver,MIN,TE,4,0.0,0.0,30.424,3.54,0.0,0.0,0.0,0.02
2026,77922ed5-6b51-4d23-8894-56a5ab1b2c1a,Ji.Horn,CAR,WR,4,0.0,0.0,30.236,3.548,0.0,0.0,0.0,0.02
2026,6ab33105-7309-488f-a85a-1a4888c63122,H.Long,JAX,TE,4,0.0,0.0,30.204,3.528,0.0,0.0,0.02,0.0216
2026,62719d0e-0efc-456e-8df8-828cc1cf4abe,H.Fannin,CLE,TE,4,0.0,0.0,30.156,3.508,0.0,0.0,0.0,0.02
2026,6ef21d58-07b4-49a0-9e4b-ab6e4f527023,G.Kittle,SF,TE,4,0.0,0.0,29.916,3.492,0.0,0.0,0.0,0.02
2026,d379e74d-8a48-4767-b405-a32b09db1b28,L.Farrell,SF,TE,4,0.0,0.0,29.908,3.492,0.0,0.0,0.0,0.02
2026,5a2238a1-78a9-452b-b3b5-2440c6cc7d92,T.Hudson,CIN,TE,4,0.0,0.0,29.856,3.488,0.0,0.0,0.0,0.02
2026,c3cd242e-0ded-4370-b254-f6582de39903,Co.Heyward,PIT,TE,4,0.0,4.188,25.516,2.956,0.0,0.028,0.164,0.1876
2026,8490b4f2-0ce0-429e-93d9-e5bf60f69adf,K.Williams,NE,WR,4,0.0,0.0,29.68,3.476,0.0,0.0,0.0,0.02
2026,8ab795f5-aeff-4a6a-99bd-51e581210daa,G.Davis,BUF,WR,4,0.0,0.0,29.676,3.464,0.0,0.0,0.0,0.02
2026,4621b9ce-6bc7-4652-9414-16ff576216df,C.Tillman,CLE,WR,4,0.0,0.0,29.672,3.464,0.0,0.0,0.0,0.02
2026,87512936-b0d4-422f-87f4-f28fc56fe703,G.Larvadain,CLE,WR,4,0.0,0.0,29.672,3.464,0.0,0.0,0.0,0.02
2026,766ec4f5-92c5-4b06-a338-38a14f175030,T.Lockett,TEN,,4,0.0,0.0,29.66,3.46,0.0,0.0,0.0,0.02
2026,0c1eb22d-c9fb-4c06-958e-93869891014d,L.Krull,DEN,TE,4,0.0,0.0,29.628,3.468,0.0,0.0,0.0,0.02
2026,63d00957-9692-4b74-a2a1-8e12c3869a88,T.Sherfield,DEN,,4,0.0,0.0,29.628,3.468,0.0,0.0,0.0,0.02
2026,ff0a0568-448e-46fb-88fa-838eb9c13099,X.Smith,LA,WR,4,0.0,0.0,29.584,3.46,0.0,0.0,0.0,0.02
2026,77cbc405-dc41-40e4-b0bd-dd8a73396612,K.Bourne,SF,WR,4,0.0,0.0,29.424,3.448,0.0,0.0,0.0,0.02
2026,da658afc-9594-4977-9a7c-3939c1bb4aee,R.Pearsall,SF,WR,4,0.0,0.0,29.424,3.448,0.0,0.0,0.0,0.02
2026,5f5c5229-cf05-4a2f-871b-449570cab445,M.Nabers,NYG,WR,4,0.0,0.0,29.408,3.432,0.0,0.0,0.0,0.02
2026,39aece1e-9831-497f-bfe7-f67b9499fc9c,J.Bates,WAS,TE,4,0.0,0.0,29.36,3.412,0.0,0.0,0.028,0.0296
2026,7e6d7376-3ff9-4d2b-8022-f47c0fbc308e,G.Helm,TEN,TE,4,0.0,0.0,29.264,3.424,0.0,0.0,0.0,0.02
2026,b141ab2c-c6c5-49b2-94f4-781604cbeb98,A.Trautman,DEN,TE,4,0.0,0.0,29.18,3.424,0.0,0.0,0.0,0.02
2026,802a6e31-ba99-42c3-b0dc-94b4eee5aab9,K.Mumpfield,LA,WR,4,0.0,0.0,29.16,3.42,0.0,0.0,0.048,0.0476
2026,8fb77061-caa4-4ab3-93ac-3f435b1dad39,C.Samuel,BUF,WR,4,0.0,0.0,29.14,3.408,0.0,0.0,0.032,0.0316
2026,b00bd3b2-8fb1-4c61-b575-87a93b457caf,E.Moore,BUF,,4,0.0,0.0,29.14,3.408,0.0,0.0,0.0,0.02
2026,df43fb4f-7e20-4384-83d0-fc24bbea7428,J.Palmer,BUF,WR,4,0.0,0.0,29.14,3.408,0.0,0.0,0.032,0.0316
2026,15497e04-abce-413c-b84b-6928c1f96d77,K.Coleman,BUF,WR,4,0.0,0.0,29.14,3.408,0.0,0.0,0.032,0.0316
2026,b7615a83-e6d5-4616-b190-a297c78473e1,J.Keeney-James,GB,WR,4,0.0,0.0,29.12,3.408,0.0,0.0,0.0,0.02
2026,7fce1d7a-bc4f-44ed-abde-3efaffde62a4,S.Smartt,NYJ,TE,4,0.0,0.0,29.008,3.384,0.0,0.0,0.0,0.02
2026,892369e3-2735-4812-9d7d-e02a4a4d5298,A.Ogletree,IND,TE,4,0.0,0.0,28.976,3.392,0.0,0.0,0.0,0.02
2026,705bdb3c-bf37-4be5-965d-9affa7cc9aca,D.Dabney,GB,TE,4,0.0,0.0,28.76,3.376,0.0,0.0,0.028,0.0276
2026,bb8a3825-74f1-4c85-880a-a3108c33b36b,L.Musgrave,GB,TE,4,0.0,0.0,28.76,3.376,0.0,0.0,0.0,0.02
2026,d51d0bd1-4241-43c7-a184-bd961c56c283,B.Sinnott,WAS,TE,4,0.0,0.0,28.68,3.336,0.0,0.0,0.0,0.02
2026,d68e6bf1-9c1c-492b-a5f1-0fb28d095b89,J.Deguara,ARI,TE,4,0.0,0.0,28.588,3.348,0.0,0.0,0.04,0.0388
2026,1a3a78db-f384-4fdd-b93c-ba5c57d9c84a,A.Dulin,IND,WR,4,0.0,0.0,28.552,3.352,0.0,0.0,0.0,0.02
2026,49ad0f0d-981d-4fc4-b589-2f6ecafc1b42,J.Ruckert,NYJ,TE,4,0.0,0.0,28.488,3.332,0.0,0.0,0.028,0.0272
2026,934d9980-bd65-441a-8b3b-b51144ba8f5a,J.Smith-Schuster,KC,WR,4,0.0,0.0,28.4,3.328,0.0,0.0,0.0,0.02
2026,30d562b8-8bd4-40b9-ae00-49cf338a8734,C.Wilson,MIA,WR,4,0.0,0.0,28.376,3.332,0.0,0.0,0.032,0.0308
2026,87520ab1-0a67-4521-b031-0a45fa108796,A.Mitchell,NYJ,WR,4,0.0,0.0,28.192,3.304,0.0,0.0,0.0,0.02
2026,74cc7436-fd66-4ec7-8ce4-61c742ca2f5a,G.Wilson,NYJ,WR,4,0.0,0.0,28.192,3.304,0.0,0.0,0.0,0.02
2026,f42aa3a3-06fe-490e-afb7-07a36d947c7c,Z.Ertz,WAS,TE,4,0.0,0.0,28.192,3.292,0.0,0.0,0.0,0.02
2026,8d89d9ff-87bf-47c7-bdb7-6387fd2063b9,G.Dortch,ARI,WR,4,0.0,0.0,27.964,3.276,0.0,0.0,0.0,0.02
2026,4c9277ff-bfc6-4eea-b8c6-5c25c0d6a0aa,P.Brown,ARI,TE,4,0.0,0.0,27.964,3.276,0.0,0.0,0.04,0.038
2026,16125e50-cd99-4225-a124-62507be3ffd8,B.Cooks,NO,,4,0.0,0.0,27.772,3.252,0.0,0.0,0.0,0.02
2026,2a332a09-6759-48cc-a375-e1e56b106ab0,S.Toure,NO,WR,4,0.0,0.0,27.352,3.208,0.0,0.0,0.028,0.03
2026,2dc8cd75-0a7b-413d-a5a0-3a21b2e1dbc9,B.Thomas,JAX,WR,4,0.0,0.0,27.248,3.192,0.0,0.0,0.02,0.02
2026,48a86180-2857-4c87-a70a-b3b156f158dc,J.Metchie,PHI,,4,0.0,0.0,27.188,3.184,0.0,0.0,0.0,0.02
2026,79f29763-a125-4a22-81e1-644de71db7cd,B.Bates,HOU,,4,0.0,0.0,27.1,3.184,0.0,0.0,0.0,0.02
2026,fe4c4fa7-73c1-43b7-8823-e75c27674ec2,D.Schultz,HOU,TE,4,0.0,0.0,27.1,3.184,0.0,0.0,0.024,0.0248
2026,abb5a044-a3c2-46a1-9fac-b6d0ddf8475b,O.Zaccheaus,CHI,WR,4,0.0,0.0,27.032,3.168,0.0,0.0,0.0,0.02
2026,6c06b009-f350-4555-95e1-60112d9b6c1d,I.Thomas,LV,TE,4,0.0,0.0,27.02,3.16,0.0,0.0,0.0,0.02
2026,18c06a21-f854-4f11-89ad-f617293f9cea,R.Bateman,BAL,WR,4,0.0,0.0,26.908,3.148,0.0,0.0,0.088,0.0872
2026,b63fdf70-1305-4f5c-9a69-0521e037cafc,J.Bobo,SEA,WR,4,0.0,0.0,26.776,3.14,0.0,0.0,0.056,0.0548
2026,9683fdca-7cc1-4f81-9702-5f4ff823e095,J.Wayne,HOU,WR,4,0.0,0.0,26.52,3.116,0.0,0.0,0.0,0.02
2026,77e7e669-8692-4170-bf99-1bdbcce99455,Z.Mitchell-Paden,BAL,,4,0.0,0.0,26.32,3.08,0.0,0.0,0.0,0.02
2026,7902e063-be70-413b-92a0-7ed450db8b6b,D.Bellinger,NYG,TE,4,0.0,0.0,26.32,3.088,0.0,0.0,0.0,0.02
2026,70af0305-a25f-48a2-ab83-31078c98077b,J.Watson,HOU,WR,4,0.0,0.0,26.268,3.092,0.0,0.0,0.048,0.048
2026,bc4c48f3-1f17-4cac-946a-33c73279e5c5,Q.Skinner,NYJ,WR,4,0.0,0.0,25.788,3.032,0.0,0.0,0.024,0.0248
2026,f49d31d5-7af7-4246-bd09-dd9bf49a5fea,J.Bech,LV,WR,4,0.0,0.0,25.772,3.032,0.0,0.0,0.0,0.02
2026,5c294442-eaea-4ed0-a4fd-c33a7509bf48,T.Johnson,TB,WR,4,0.0,0.656,25.056,2.928,0.0,0.0,0.0,0.02
2026,6d4ad627-0c8f-4380-9545-0d937be0ca6c,M.Hardman,BUF,WR,4,0.0,0.0,25.66,3.016,0.0,0.0,0.016,0.02
2026,0007cf4b-7ab2-42a0-a8b5-54ac02754320,T.Shavers,BUF,WR,4,0.0,0.0,25.66,3.016,0.0,0.0,0.0,0.02
2026,c11cc7b3-6b0b-4a40-b6df-d3148f8c2825,B.Skowronek,PIT,WR,4,0.0,0.0,25.656,3.02,0.0,0.0,0.0,0.02
2026,6f5a73e0-41fa-40ec-aa08-ce3f64fad723,C.Kolar,BAL,TE,4,0.0,0.0,25.648,3.016,0.0,0.0,0.0,0.02
2026,adb9f484-c700-4ebd-bc00-daf4daed3f65,T.Wallace,BAL,WR,4,0.0,0.0,25.648,3.016,0.0,0.0,0.0,0.02
2026,fa3a3931-e2a2-4cd4-8c08-c75bfc1098c0,A.Smith,NYJ,WR,4,0.0,0.596,25.032,2.944,0.0,0.0,0.0,0.02
2026,90fcc742-b736-44f4-994f-094724be0c09,C.Godwin,TB,WR,4,0.0,0.0,25.528,2.992,0.0,0.0,0.0,0.02
2026,ae41f3bb-9647-4e9d-b4eb-83dd26743b2f,D.Culp,TB,TE,4,0.0,0.0,25.528,2.992,0.0,0.0,0.048,0.0464
2026,a1d65e3c-d232-4ad7-84eb-f2484f912af5,J.McMillan,TB,WR,4,0.0,0.0,25.528,2.992,0.0,0.0,0.0,0.02
2026,2036bbd6-7375-422e-bdbc-7822b5bffdce,S.Shepard,TB,WR,4,0.0,0.0,25.528,2.992,0.0,0.0,0.0,0.02
2026,f7fe4646-ad5e-47d1-a4d7-fc305dd90167,T.Wirfs,TB,OL,4,0.0,0.0,25.528,2.992,0.0,0.0,0.048,0.0464
2026,04dda3a3-e83b-4eea-8501-cf828118da40,B.Collins,NYG,WR,4,0.0,0.0,25.488,2.996,0.0,0.0,0.02,0.02
2026,c65ab2ea-a913-4981-964e-e6b3c4c5854e,C.Lamb,DAL,WR,4,0.0,0.0,25.364,2.976,0.0,0.0,0.0,0.02
2026,7df365f8-b808-4ecf-8454-fe5ccbc0e2f4,L.Schoonmaker,DAL,TE,4,0.0,0.0,25.364,2.976,0.0,0.0,0.0,0.02
2026,f15f44a2-3b1c-41c9-b759-ff8598684e1c,T.Williams,LAC,,4,0.0,1.856,23.496,2.752,0.0,0.0,0.0,0.02
2026,6e757178-0d20-49cf-a88a-c4b47817ff31,S.Moore,SF,WR,4,0.0,1.152,24.096,2.832,0.0,0.0,0.0,0.02
2026,4f55c8d1-727c-4720-b597-1b813dfc2e02,A.Lazard,NYJ,WR,4,0.0,0.0,25.232,2.968,0.0,0.0,0.048,0.0484
2026,dce9cd84-7353-418c-969b-4a3ada196987,I.Hodgins,NYG,WR,4,0.0,0.0,25.224,2.972,0.0,0.0,0.02,0.02
2026,24fa8fd8-69ba-45e6-b4b2-b530f48b8c92,L.Humphrey,NYG,,4,0.0,0.0,25.224,2.972,0.0,0.0,0.0,0.02
2026,7b9ebaff-f7d3-45f1-a0b0-07501c467f39,T.Johnson,NYG,TE,4,0.0,0.0,25.224,2.972,0.0,0.0,0.02,0.02
2026,67eef9d2-1ef9-4cda-93fd-eacebfde1b22,C.Washington,ATL,WR,4,0.0,0.0,25.22,2.968,0.0,0.0,0.0,0.02
2026,601ce504-9f08-487d-b968-f6e884c7fdfb,D.Sills,ATL,WR,4,0.0,0.0,25.22,2.968,0.0,0.0,0.0,0.02
2026,44f65d6b-bdcb-44b2-9a5e-523f3db5a5f0,S.Anderson,PIT,OL,4,0.0,0.0,25.116,2.956,0.0,0.0,0.0,0.02
2026,bf490a90-cd1a-409d-850c-5d87185d3d3a,R.Miller,TB,,4,0.0,0.0,24.98,2.928,0.0,0.0,0.0,0.02
2026,de70216e-21b4-4de8-a4e8-1c0e4ed7734b,P.Bryant,DEN,WR,4,0.0,0.628,24.304,2.856,0.0,0.0,0.032,0.0316
2026,30df6512-b05d-4c82-b607-addaf578f91b,J.Watkins,SF,WR,4,0.0,0.0,24.908,2.932,0.0,0.0,0.0,0.02
2026,7bb83a46-749f-471f-9876-9b2893c636f8,K.Turpin,DAL,WR,4,0.0,0.504,24.372,2.868,0.0,0.0,0.0,0.02
2026,79f29763-a125-4a22-81e1-644de71db7cd,B.Bates,CLE,TE,4,0.0,0.0,24.784,2.916,0.0,0.0,0.0,0.02
2026,7803b6a3-2944-46a1-a2f7-8c64e92fc82d,D.Njoku,CLE,TE,4,0.0,0.0,24.784,2.916,0.0,0.0,0.036,0.0368
2026,d1f613f3-38fe-4469-aeda-f86839bf9e99,F.Crum,DEN,OL,4,0.0,0.0,24.752,2.916,0.0,0.0,0.032,0.0312
2026,a21c681d-1ae5-4cc3-9b3e-29b4909192bb,T.Higbee,LA,TE,4,0.0,0.0,24.728,2.912,0.0,0.0,0.0,0.02
2026,b440a63e-d001-42e8-90e2-054da5ac8f79,R.Wilson,PIT,WR,4,0.0,0.0,24.724,2.92,0.0,0.0,0.0,0.02
2026,2891bcba-4ef0-4ad7-b6b8-01af901d5d25,C.Woerner,ATL,TE,4,0.0,0.0,24.692,2.908,0.0,0.0,0.0,0.02
2026,8a5805d8-1075-4b92-ac8c-7bf48ca566a2,D.Thompkins,ATL,WR,4,0.0,0.0,24.692,2.908,0.0,0.0,0.0,0.02
2026,3f1d34f9-68b3-4b58-acce-e0e242578e42,M.Matavao,NO,TE,4,0.0,0.0,24.68,2.904,0.0,0.0,0.0,0.02
2026,83acf780-5664-449a-b59b-85014a46c210,B.Yurosek,MIN,TE,4,0.0,0.0,24.572,2.892,0.0,0.0,0.0,0.02
2026,831a0d8d-2d07-4b29-a029-5956f434d445,T.Felton,MIN,WR,4,0.0,0.0,24.572,2.892,0.0,0.0,0.0,0.02
2026,8939043d-a2ad-4709-9405-058ec7953a0f,B.Oliver,TEN,WR,4,0.0,0.0,24.56,2.896,0.0,0.0,0.0,0.02
2026,20728b4d-f625-4cd5-a2a6-9c6c76360516,C.Ridley,TEN,WR,4,0.0,0.0,24.56,2.896,0.0,0.0,0.0,0.02
2026,70aaeedf-0d14-40cf-9c67-7f872d887dcc,J.Simmons,TEN,DL,4,0.0,0.0,24.56,2.896,0.0,0.0,0.1,0.1
2026,8f7e57b0-b2c2-4d96-8104-2d9103591819,M.Kinsey,TEN,WR,4,0.0,0.0,24.56,2.896,0.0,0.0,0.0,0.02
2026,bef80ce6-4ba7-4790-b283-795c1f6d0a25,X.Restrepo,TEN,WR,4,0.0,0.0,24.56,2.896,0.0,0.0,0.0,0.02
2026,9549fdf0-455b-4e22-98ae-4df76cb3cb2b,J.Stoll,NO,TE,4,0.0,0.0,24.48,2.884,0.0,0.0,0.0,0.02
2026,c6d8d2bd-0280-4607-8d52-54f84bf7437f,K.Johnson,TB,WR,4,0.0,0.0,24.428,2.88,0.0,0.0,0.0,0.02
2026,81d627df-5832-4cbb-aba3-726d68c6fc3d,P.Durham,TB,TE,4,0.0,0.0,24.428,2.88,0.0,0.0,0.044,0.0444
2026,54bdcf09-df3b-4101-80b8-bfe0baa1c262,W.Mallory,IND,TE,4,0.0,0.0,24.424,2.876,0.0,0.0,0.0,0.02
2026,fd80a968-a921-45e8-a684-5bea39ff69b1,B.Tremayne,CAR,WR,4,0.0,0.0,24.392,2.884,0.0,0.0,0.028,0.0288
2026,8bb9ab35-3c9e-4959-bb6a-35b56a8192e9,J.Mitchell,CAR,TE,4,0.0,0.0,24.392,2.884,0.0,0.0,0.0,0.02
2026,4c908559-bee0-4e03-892b-acb185733f1c,M.Evans,CAR,TE,4,0.0,0.0,24.392,2.884,0.0,0.0,0.028,0.0288
2026,74de3b3f-14d0-48e0-9213-2d443e3aa2b2,C.Colby,SF,OL,4,0.0,0.0,24.384,2.868,0.0,0.0,0.0,0.02
2026,03ab017e-f181-4486-9661-1c6485dedf19,D.Robinson,SF,WR,4,0.0,0.0,24.384,2.868,0.0,0.0,0.0,0.02
2026,f6e1063b-4d79-4005-b44c-7621b0f82a81,T.Bigsby,JAX,,4,0.0,5.224,19.136,2.232,0.0,0.004,0.012,0.02
2026,bf7b51db-74d4-4563-aeff-8dc9157a1c69,J.Hill,MIA,TE,4,0.0,0.0,24.344,2.868,0.0,0.0,0.0,0.02
2026,351f4340-a52d-4dfb-bc1e-44e1225ee072,C.Ford,CIN,OL,4,0.0,0.0,24.324,2.868,0.0,0.0,0.0,0.02
2026,9ccfb4de-aeab-45fa-8e80-3ab0f0811d1f,J.Mingo,DAL,WR,4,0.0,0.0,24.308,2.868,0.0,0.0,0.0,0.02
2026,68f4a835-6990-4ab8-a10f-db8aa110439f,J.Tolbert,DAL,WR,4,0.0,0.0,24.308,2.868,0.0,0.0,0.0,0.02
2026,1c005470-9111-4f2c-9f20-256299b1dbce,D.Drummond,ATL,WR,4,0.0,0.0,24.296,2.872,0.0,0.0,0.04,0.04
2026,1fb79462-cc14-4648-8f2a-6322e2a3a0d6,J.Matthews,ATL,OL,4,0.0,0.0,24.296,2.872,0.0,0.0,0.04,0.04
2026,70c21b27-a370-48f6-8df7-7fe5c9c1801c,K.Hodge,ATL,WR,4,0.0,0.0,24.296,2.872,0.0,0.0,0.0,0.02
2026,720b8fa0-9650-4034-90bc-a1917b855f01,D.Kinnard,GB,OL,4,0.0,0.0,24.296,2.868,0.0,0.0,0.0,0.02
2026,c2ac0493-43d7-454b-9733-3e8161530921,D.Wicks,GB,WR,4,0.0,0.0,24.296,2.868,0.0,0.0,0.0,0.02
2026,347e102e-5af8-471f-a451-d916b09ab96c,J.Whyle,GB,TE,4,0.0,0.0,24.296,2.868,0.0,0.0,0.0,0.02
2026,d6ce8d4c-60a3-46be-a6b1-704a8044fe57,E.Chism,NE,WR,4,0.0,0.0,24.288,2.86,0.0,0.0,0.0,0.02
2026,f6b9b938-482f-4332-96e6-e3e566d9efb2,J.Waddle,MIA,WR,4,0.0,0.724,23.548,2.776,0.0,0.0,0.0,0.02
2026,b00bd3b2-8fb1-4c61-b575-87a93b457caf,E.Moore,DEN,WR,4,0.0,0.0,24.24,2.856,0.0,0.0,0.0,0.02
2026,ce124a9f-0d72-4e5f-89b6-3817ee5f738e,N.Adkins,DEN,TE,4,0.0,0.0,24.24,2.856,0.0,0.0,0.0,0.02
2026,0993b895-f0b7-4d94-9a83-cb2895cf9093,T.Hockenson,MIN,TE,4,0.0,0.0,24.06,2.832,0.0,0.0,0.0,0.02
2026,e6562317-152c-443a-bdb1-1a121aba425c,J.Proche,TEN,WR,4,0.0,0.0,24.052,2.836,0.0,0.0,0.0,0.02
2026,22b4db5b-c301-4ba2-98d9-953136ef966f,C.Moore,WAS,WR,4,0.0,0.0,24.052,2.828,0.0,0.0,0.0,0.02
2026,9f1f3b9a-a763-4065-b10e-531b14d8f223,Ja.Jones,WAS,WR,4,0.0,0.0,24.052,2.828,0.0,0.0,0.0,0.02
2026,6b486380-fb82-43db-ac70-9e09a0e5f224,N.Brown,WAS,WR,4,0.0,0.0,24.052,2.828,0.0,0.0,0.0,0.02
2026,4abf543b-e1f6-4494-846e-6301c3f079f6,T.Martin,WAS,WR,4,0.0,0.0,24.052,2.828,0.0,0.0,0.0,0.02
2026,f3337878-a66f-4fc4-a338-fe31450161ff,B.Willis,SF,TE,4,0.0,0.0,23.98,2.832,0.0,0.0,0.0,0.02
2026,90512c81-b774-4f19-89bb-556666504a86,M.Turner,SF,WR,4,0.0,0.0,23.98,2.832,0.0,0.0,0.0,0.02
2026,c96a014c-7133-478e-a6dd-12e7f16c195b,A.Gould,IND,WR,4,0.0,0.0,23.92,2.82,0.0,0.0,0.0,0.02
2026,87520ab1-0a67-4521-b031-0a45fa108796,A.Mitchell,IND,,4,0.0,0.0,23.92,2.82,0.0,0.0,0.0,0.02
2026,43cc4877-ed92-4575-8383-41835f239ca0,G.Bolles,DEN,OL,4,0.0,0.0,23.872,2.824,0.0,0.0,0.032,0.0304
2026,128fd135-fb3e-451e-8135-52d9465c4154,T.Franklin,DEN,WR,4,0.0,0.0,23.872,2.824,0.0,0.0,0.032,0.0304
2026,fd1c9066-b003-40c0-ac6f-6c8cab52d183,B.Whiteheart,CLE,TE,4,0.0,0.0,23.868,2.82,0.0,0.0,0.0,0.02
2026,41a0c66a-cf0b-4519-a28d-a12b879a5031,J.Thrash,CLE,WR,4,0.0,0.0,23.868,2.82,0.0,0.0,0.0,0.02
2026,1c6fef89-c24b-47e0-abb8-a2e86f461dfa,L.Wypler,CLE,OL,4,0.0,0.0,23.868,2.82,0.0,0.0,0.036,0.0356
2026,0d23c95e-455b-49ac-b529-bfb3b3e50033,S.Cannella,CLE,TE,4,0.0,0.0,23.868,2.82,0.0,0.0,0.0,0.02
2026,577995aa-5a21-4ce7-a655-476aa3b7d151,D.Allen,LA,TE,4,0.0,0.0,23.864,2.82,0.0,0.0,0.0,0.02
2026,4338c37a-86fe-4f3d-9b1e-af899ef9146b,T.Ferguson,LA,TE,4,0.0,0.0,23.864,2.82,0.0,0.0,0.04,0.0392
2026,0d5bf47b-72d7-40a0-99f0-811112986e77,C.Grandy,CIN,TE,4,0.0,0.0,23.824,2.808,0.0,0.0,0.0,0.02
2026,332e37c2-22e4-4511-931e-c30035cb108d,N.Fant,CIN,TE,4,0.0,0.0,23.824,2.808,0.0,0.0,0.0,0.02
2026,5aff7be5-7bfe-4ff3-b286-81c0f9f0cd16,T.Conklin,LAC,TE,4,0.0,0.0,23.8,2.808,0.0,0.0,0.0,0.02
2026,38a24d2f-310f-47b9-b65c-ed661537f295,D.Pierce,HOU,,4,0.0,4.68,19.108,2.232,0.0,0.0,0.0,0.02
2026,f78e2b4f-796b-41c8-9af0-75caf042eb26,A.Thielen,MIN,,4,0.0,0.0,23.668,2.796,0.0,0.0,0.0,0.02
2026,8d970914-b1a3-4c6d-b937-7eee8bdff2e9,J.Wiley,KC,TE,4,0.0,0.0,23.636,2.792,0.0,0.0,0.0,0.02
2026,a56be6f4-3ccb-4bcd-ac27-e4b3f1e64dc8,B.Raimann,IND,OL,4,0.0,0.0,23.564,2.784,0.0,0.0,0.024,0.026
2026,a96a3236-df45-415d-930b-b8bbed7352e7,C.Owen,IND,WR,4,0.0,0.0,23.564,2.784,0.0,0.0,0.0,0.02
2026,4743942f-ce55-45d2-94a2-2a80877bbf90,C.Jones,CIN,WR,4,0.0,0.0,23.508,2.78,0.0,0.0,0.0,0.02
2026,8fa39fd1-f924-44b5-b327-9191f3569c02,M.Tinsley,CIN,WR,4,0.0,0.0,23.508,2.78,0.0,0.0,0.0,0.02
2026,e71f068d-ac9d-4f78-8099-e1eea965dc74,B.Melton,GB,DB,4,0.0,0.0,23.504,2.78,0.0,0.0,0.0,0.02
2026,5bedb1f9-714b-416c-9803-57d032ed5651,J.FitzPatrick,GB,TE,4,0.0,0.0,23.504,2.78,0.0,0.0,0.0,0.02
2026,44b551ee-73bc-4992-b195-a15879dfb8fc,M.Heath,GB,,4,0.0,0.0,23.504,2.78,0.0,0.0,0.0,0.02
2026,25947c7c-202f-4109-b28b-481e2d6166b1,D.Eskridge,MIA,WR,4,0.0,0.0,23.476,2.776,0.0,0.0,0.0,0.02
2026,723099fe-7e45-4cc2-9e19-be47b28fa150,N.Westbrook-Ikhine,MIA,WR,4,0.0,0.0,23.476,2.776,0.0,0.0,0.0,0.02
2026,ec44d32f-0e18-4e07-8eef-dd06b0ff518d,T.Conner,MIA,,4,0.0,0.0,23.476,2.776,0.0,0.0,0.0,0.02
2026,504cff6d-96bf-4947-9b02-fdeca09ae23a,S.Jackson,LV,WR,4,0.0,0.9,22.568,2.652,0.0,0.0,0.0,0.02
2026,9242a171-f0ef-4b07-a145-63e7b6f3999d,D.Smythe,CHI,TE,4,0.0,0.0,23.432,2.764,0.0,0.0,0.0,0.02
2026,4933a1b2-3cd6-4268-a60f-3b7b98622bbf,I.TeSlaa,DET,WR,4,0.0,0.0,23.38,2.76,0.0,0.0,0.0,0.02
2026,1812ee0d-0029-49bc-8676-626a59248831,D.Davis,LAC,WR,4,0.0,0.0,23.32,2.752,0.0,0.0,0.0,0.02
2026,f733b01b-0016-4033-847c-4bfee3b0d450,C.White,SEA,WR,4,0.0,0.0,23.296,2.748,0.0,0.0,0.0,0.02
2026,451354cb-0431-4f14-85ae-b71e7cd011a1,R.Tonyan,KC,TE,4,0.0,0.0,23.16,2.736,0.0,0.0,0.0,0.02
2026,5e766c57-ffa4-4526-84a6-a1a1f1c172e8,C.Yankoff,WAS,TE,4,0.0,0.0,23.14,2.732,0.0,0.0,0.0,0.02
2026,8f6e73b4-1f9c-4db2-b36b-660751127569,J.Lane,WAS,WR,4,0.0,0.0,23.14,2.732,0.0,0.0,0.0,0.02
2026,6dfad441-da4a-4c4d-b1b3-e0d84ae28f96,R.Chosen,WAS,WR,4,0.0,0.0,23.14,2.732,0.0,0.0,0.0,0.02
2026,b51c7678-2594-4a59-98df-0fc272274fdf,D.Brown,JAX,WR,4,0.0,0.0,23.08,2.724,0.0,0.0,0.016,0.02
2026,0c3ec903-9025-436a-9ef3-d9eee09e93fb,J.Mundt,JAX,TE,4,0.0,0.0,23.08,2.724,0.0,0.0,0.0,0.02
2026,c9bc4d48-8b89-4565-af15-b88ab15f3a3f,Q.Morris,JAX,TE,4,0.0,0.0,23.08,2.724,0.0,0.0,0.016,0.02
2026,debfc6ae-9544-4137-9f3c-41bc2d7a63e2,T.Jones,JAX,WR,4,0.0,0.0,23.08,2.724,0.0,0.0,0.0,0.02
2026,da99bf06-ca0e-47c2-9e71-2b4ecf7efefe,D.Cooper,PHI,WR,4,0.0,0.0,23.044,2.72,0.0,0.0,0.0,0.02
2026,a43e7d8b-3a4c-4082-b4e3-c2e765483bbb,T.Penning,LAC,OL,4,0.0,0.0,23.036,2.728,0.0,0.0,0.044,0.042
2026,4c27a10c-963d-444e-b235-b46f4b652866,M.Harrison,ARI,WR,4,0.0,0.0,22.992,2.724,0.0,0.0,0.0,0.02
2026,25b6b495-c348-4e5a-88b2-0157a897c96c,S.Sims,ARI,WR,4,0.0,0.0,22.992,2.724,0.0,0.0,0.0,0.02
2026,d5b26815-d0a3-4d18-9a26-297fcfbeae6a,T.Reiman,ARI,TE,4,0.0,0.0,22.992,2.724,0.0,0.0,0.0,0.02
2026,63d00957-9692-4b74-a2a1-8e12c3869a88,T.Sherfield,ARI,,4,0.0,0.0,22.992,2.724,0.0,0.0,0.032,0.0316
2026,06642612-e554-4a8b-8a58-cdde619ee247,Z.Jones,ARI,WR,4,0.0,0.0,22.992,2.724,0.0,0.0,0.032,0.0316
2026,7ef12a46-1571-49a4-bac9-5afbd0ee6ec2,A.Bachman,LV,WR,4,0.0,0.0,22.96,2.708,0.0,0.0,0.0,0.02
2026,4ecefbab-7ea8-4703-9753-7fa0adc53c43,R.Dwelley,DET,,4,0.0,0.0,22.904,2.704,0.0,0.0,0.024,0.0252
2026,2b0252f9-f656-4c41-9f2d-1a9e06808a4f,E.Mitchell,KC,,4,0.0,0.0,22.888,2.708,0.0,0.0,0.0,0.02
2026,5e3a0956-5a2e-4aa6-bfdc-d3cf8f4ce3c2,J.Brownlee,KC,WR,4,0.0,0.0,22.888,2.708,0.0,0.0,0.056,0.054
2026,da35f0f0-d8b2-44df-8247-fd33ae3941f6,D.Duvernay,CHI,WR,4,0.0,0.0,22.656,2.68,0.0,0.0,0.0,0.02
2026,3857b399-5103-4bac-8e6f-abc1fbc21c3b,T.Benedet,CHI,OL,4,0.0,0.0,22.656,2.68,0.0,0.0,0.0,0.02
2026,5197b1dd-c28f-49ae-b08c-d8beb6bdcae1,G.Ricci,DET,TE,4,0.0,0.0,22.652,2.68,0.0,0.0,0.024,0.0248
2026,407ae3e7-477f-4c39-9982-fa181de093ed,R.McCloud,NYG,WR,4,0.0,0.0,22.632,2.676,0.0,0.0,0.0,0.02
2026,ecb77812-97e6-496e-8996-54691e841001,X.Gipson,PHI,,4,0.0,0.0,22.576,2.664,0.0,0.0,0.024,0.0232
2026,36467445-940d-4b35-97ab-edf17a674fff,D.Young,SEA,WR,4,0.0,0.0,22.548,2.668,0.0,0.0,0.0,0.02
2026,6705ba1e-91f0-4d99-81fe-b1a147c65a6d,E.Arroyo,SEA,TE,4,0.0,0.0,22.548,2.668,0.0,0.0,0.0,0.02
2026,e80a6410-8da7-42e6-a410-a9eec7de37ca,N.Kallerup,SEA,TE,4,0.0,0.0,22.548,2.668,0.0,0.0,0.024,0.0232
2026,fa295f18-8726-4e3e-9099-ee539b2aef71,J.Woods,NYJ,TE,4,0.0,0.0,22.504,2.66,0.0,0.0,0.0,0.02
2026,b8a66033-9726-4a5c-b7bf-c10e0dc2ea52,M.Moore,NYJ,DB,4,0.0,0.0,22.504,2.66,0.0,0.0,0.0,0.02
2026,3226bb94-fe96-4493-a4ab-dde33ae3d73c,C.Runyon,LV,TE,4,0.0,0.0,22.492,2.652,0.0,0.0,0.0,0.02
2026,0d4b90d7-5de5-47f3-a213-f10b8c403998,T.Patrick,JAX,WR,4,0.0,0.0,22.36,2.648,0.0,0.0,0.0,0.02
2026,e514b85a-324e-406e-880e-9c49fe37b12d,J.Noel,HOU,WR,4,0.0,0.0,22.348,2.648,0.0,0.0,0.0,0.02
2026,6d4cdf27-b583-4056-b59d-95182c15301b,J.Dotson,PHI,WR,4,0.0,0.0,22.296,2.64,0.0,0.0,0.0,0.02
2026,5a7670a6-35d4-43bb-a12b-9b1580498b35,J.Hawes,BUF,TE,4,0.0,0.0,22.264,2.632,0.0,0.0,0.0,0.02
2026,8f8c587d-0b8a-4bb4-b452-ca3b15cf3b3d,A.Cappa,LV,OL,4,0.0,0.0,22.208,2.628,0.0,0.0,0.032,0.0304
2026,5e310480-4f70-4fd6-9ede-56c1b6664853,D.Thornton,LV,WR,4,0.0,0.0,22.208,2.628,0.0,0.0,0.0,0.02
2026,77e7e669-8692-4170-bf99-1bdbcce99455,Z.Mitchell-Paden,NO,TE,4,0.0,0.0,22.104,2.616,0.0,0.0,0.0,0.02
2026,7d05ed6f-f9df-44ae-b6d8-9fae7b2f7373,T.Johnson,NYJ,WR,4,0.0,0.0,22.052,2.604,0.0,0.0,0.02,0.0216
2026,9a76859b-6062-4c9f-9c62-9bfe7bea924a,C.Manhertz,NYG,TE,4,0.0,0.0,21.948,2.6,0.0,0.0,0.016,0.02
2026,0ca8c207-4857-4a05-9527-a19648578ed8,J.Hyatt,NYG,WR,4,0.0,0.0,21.948,2.6,0.0,0.0,0.0,0.02
2026,8a544033-fee3-4ce1-bc76-a9452ec08f86,C.Reynolds,DET,,4,0.0,2.776,18.956,2.232,0.0,0.0,0.0,0.02
2026,2e81bc65-e42c-4ef5-a59e-e22633ad1100,F.Moreau,NO,TE,4,0.0,0.0,21.664,2.564,0.0,0.0,0.0,0.02
2026,371e6c01-3f61-411c-8675-13539221ddc9,J.Flacco,CLE,,4,0.0,1.928,19.692,2.232,0.0,0.004,0.056,0.062
2026,8d74f600-50f8-4f4b-a268-1bc959cc4edd,S.Williams,GB,WR,4,0.0,1.8,18.876,2.232,0.0,0.0,0.0,0.02
2026,3adaa67d-3a25-461b-864f-5345e802ed2a,D.Moore,CAR,WR,4,0.0,1.304,19.212,2.276,0.0,0.0,0.0,0.02
2026,30c6da1b-b804-40b1-b3fe-df3955e57eff,F.Franks,ATL,TE,4,0.0,1.212,19.212,2.276,0.0,0.0,0.0,0.02
2026,a12ab3ba-14d5-479e-9172-6fceec761f92,K.Williams,CIN,WR,4,0.0,1.096,19.212,2.276,0.0,0.0,0.0,0.02
2026,a79707d2-2448-4350-ace2-f5fb0c48cdfe,R.Thomas,IND,DB,4,0.0,1.06,19.208,2.276,0.0,0.0,0.0,0.02
2026,ecbca70b-71e1-43f2-bf2b-218d9cbe26b0,D.Dallas,CAR,,4,0.0,1.28,18.844,2.232,0.0,0.0,0.024,0.0236
2026,aeb8f095-f979-46c0-822e-8993c9372a34,N.Miller-Hines,LAC,,4,0.0,1.232,18.844,2.232,0.0,0.0,0.0,0.02
2026,c42b7cc2-555b-42d9-8f86-e0aebda9aa61,N.Remigio,KC,WR,4,0.0,0.788,19.208,2.276,0.0,0.0,0.0,0.02
2026,63e3688f-5b3a-4156-b437-bea16e1b4156,S.Buechele,KC,,4,0.0,0.776,19.132,2.232,0.0,0.0,0.0,0.02
2026,4937c4af-62f6-4d19-81c0-5bb7eb7d7176,G.Stuard,DET,LB,4,0.0,0.924,18.844,2.232,0.0,0.0,0.0,0.02
2026,52a2bfe6-799a-4eb2-8e15-d087d2093009,M.Cunningham,DET,WR,4,0.0,0.924,18.844,2.232,0.0,0.0,0.0,0.02
2026,c6c8cf26-e51f-45d4-8ab8-505690ae925b,I.Pola-Mao,LV,DB,4,0.0,0.9,18.844,2.232,0.0,0.0,0.0,0.02
2026,41db186c-a8d8-47f4-9ed9-26b3f62f1e24,B.Aubrey,DAL,K,4,0.0,0.512,19.212,2.276,0.0,0.0,0.0,0.02
2026,f608ee90-c986-469d-b0d7-f7af91010dc5,D.Johnson,ARI,,4,0.0,0.852,18.844,2.232,0.0,0.0,0.0,0.02
2026,0d149530-60fe-450d-8f04-f705b5e4c34a,J.Gillan,NYG,P,4,0.0,0.852,18.844,2.232,0.0,0.0,0.0,0.02
2026,b575f10f-9b8e-47d8-a202-f9f3b58d9b44,B.Mann,PHI,P,4,0.0,0.832,18.844,2.232,0.0,0.0,0.0,0.02
2026,41831466-e991-4075-8bbf-5725add7dd5d,M.Haack,ARI,P,4,0.0,0.0,19.208,2.276,0.0,0.0,0.0,0.02
2026,3a1a8a34-5de1-48d3-b312-ce575474dd0d,R.Sanchez,IND,P,4,0.0,0.0,19.208,2.276,0.0,0.0,0.0,0.02
2026,92b47280-f6ad-4274-a443-95a946dcaaca,C.Akers,MIN,,4,0.0,0.0,19.208,2.276,0.0,0.0,0.0,0.02
2026,1bc93578-d45e-41c1-ac29-61cb5d7b352c,A.McNamara,NYJ,P,4,0.0,0.0,19.208,2.276,0.0,0.0,0.0,0.02
2026,6600f556-5a82-4fa0-9541-5f3520914392,B.Rypien,CIN,,4,0.0,0.0,18.844,2.232,0.0,0.0,0.0,0.02
2026,b6d6b176-4233-4ccf-ad9d-5cb88b4b548c,C.Bojorquez,CLE,P,4,0.0,0.0,18.844,2.232,0.0,0.0,0.0,0.02
2026,a16a47c2-f03e-4779-8264-6a0b3f3572ca,M.Mapu,NE,LB,4,0.0,0.0,18.844,2.232,0.0,0.0,0.0,0.02
