season,week,game_id,team,player_id,player_uid,player_name,position,model_version,pass_yards_mean,rush_yards_mean,receiving_yards_mean,receptions_mean,pass_tds_mean,rush_tds_mean,rec_tds_mean,anytime_td_prob
2025,19,2025_19_BUF_JAX,BUF,00-0031236,16125e50-cd99-4225-a124-62507be3ffd8,B.Cooks,WR,nfl-player-v1,0,0,13.648,1.54,0,0,0,0.005
2025,19,2025_19_BUF_JAX,BUF,00-0038933,8a6f4627-ab82-4cb4-92df-699336ac1690,D.Kincaid,TE,nfl-player-v1,0,0,13.938,1.573,0,0,0.02,0.0198
2025,19,2025_19_BUF_JAX,BUF,00-0035689,83978a45-a7da-408d-a462-426f5444a908,D.Knox,TE,nfl-player-v1,0,0,9.859,1.131,0,0,0.014,0.0143
2025,19,2025_19_BUF_JAX,BUF,00-0039471,decaa350-cdc1-4d6e-815c-05b1015546b9,F.Gore,RB,nfl-player-v1,0,6.316,3.282,0.54,0,0,0,0.005
2025,19,2025_19_BUF_JAX,BUF,00-0036196,8ab795f5-aeff-4a6a-99bd-51e581210daa,G.Davis,WR,nfl-player-v1,0,0,9.803,1.129,0,0,0,0.005
2025,19,2025_19_BUF_JAX,BUF,00-0034857,32369b37-6bce-4910-acfa-f658676697d3,J.Allen,QB,nfl-player-v1,132.178,9.845,0,0,0.961,0.101,0,0.0961
2025,19,2025_19_BUF_JAX,BUF,00-0037248,61da158c-dacb-4567-8ec7-9521d0868e5f,J.Cook,RB,nfl-player-v1,0,42.946,4.775,0.766,0,0.32,0.011,0.2819
2025,19,2025_19_BUF_JAX,BUF,00-0039901,15497e04-abce-413c-b84b-6928c1f96d77,K.Coleman,WR,nfl-player-v1,0,0,6.43,0.756,0,0,0,0.005
2025,19,2025_19_BUF_JAX,BUF,00-0037261,a182f320-892e-4344-8c39-d03ec8d397c4,K.Shakir,WR,nfl-player-v1,0,0,33.109,3.427,0,0,0.087,0.0835
2025,19,2025_19_BUF_JAX,BUF,00-0038679,0007cf4b-7ab2-42a0-a8b5-54ac02754320,T.Shavers,WR,nfl-player-v1,0,0,7.886,0.919,0,0,0,0.005
2025,19,2025_19_LA_CAR,CAR,00-0038840,fd80a968-a921-45e8-a684-5bea39ff69b1,B.Tremayne,WR,nfl-player-v1,0,0,6.251,0.738,0,0,0.009,0.0086
2025,19,2025_19_LA_CAR,CAR,00-0039150,c28c1088-1b0f-497f-bfdb-1a7a9cde1e89,B.Young,QB,nfl-player-v1,124.835,5.674,0,0,0.811,0.013,0,0.0134
2025,19,2025_19_LA_CAR,CAR,00-0036555,e4fb467c-29b4-4025-8e7f-05d9ee9ca744,C.Hubbard,RB,nfl-player-v1,0,44.922,5.802,0.922,0,0.613,0.025,0.4717
2025,19,2025_19_LA_CAR,CAR,00-0039491,0a50de21-d75b-4e1e-86c9-191b0dccffec,J.Coker,WR,nfl-player-v1,0,0,32.52,3.422,0,0,0.08,0.0767
2025,19,2025_19_LA_CAR,CAR,00-0037282,8bb9ab35-3c9e-4959-bb6a-35b56a8192e9,J.Mitchell,TE,nfl-player-v1,0,0,6.251,0.738,0,0,0,0.005
2025,19,2025_19_LA_CAR,CAR,00-0040218,77922ed5-6b51-4d23-8894-56a5ab1b2c1a,Ji.Horn,WR,nfl-player-v1,0,0,7.879,0.923,0,0,0,0.005
2025,19,2025_19_LA_CAR,CAR,00-0040187,4c908559-bee0-4e03-892b-acb185733f1c,M.Evans,TE,nfl-player-v1,0,0,6.251,0.738,0,0,0.009,0.0086
2025,19,2025_19_LA_CAR,CAR,00-0036139,5247cf70-ccdc-4fee-abb5-56faa544291f,R.Dowdle,RB,nfl-player-v1,0,20.361,4.026,0.655,0,0.072,0.004,0.0732
2025,19,2025_19_LA_CAR,CAR,00-0040644,fb47152c-3c47-4517-aafd-6bb67424d19d,T.Etienne,RB,nfl-player-v1,0,8.919,2.471,0.412,0,0,0,0.005
2025,19,2025_19_LA_CAR,CAR,00-0040124,fe874b96-e2c0-4f68-9815-af65b06e6738,T.McMillan,WR,nfl-player-v1,0,0,18.751,2.075,0,0,0,0.005
2025,19,2025_19_LA_CAR,CAR,00-0037005,2a5af105-ecb4-4ae4-89c6-d47b7b108737,T.Tremble,TE,nfl-player-v1,0,0,10.148,1.167,0,0,0,0.005
2025,19,2025_19_LA_CAR,CAR,00-0039342,2f0f3999-0f08-41d7-83f3-7bf733899142,X.Legette,WR,nfl-player-v1,0,0,11.508,1.322,0,0,0.015,0.0153
2025,19,2025_19_GB_CHI,CHI,00-0036290,e20adbbe-669d-4d26-b64a-84332cd2acfd,C.Kmet,TE,nfl-player-v1,0,0.288,7.134,0.835,0,0,0.007,0.0076
2025,19,2025_19_GB_CHI,CHI,00-0040126,20e5eda2-e6a7-45e5-8ed5-958a5d49a8ae,C.Loveland,TE,nfl-player-v1,0,0,32.037,3.384,0,0,0.118,0.1117
2025,19,2025_19_GB_CHI,CHI,00-0039918,d3372f7c-27eb-47ac-9d90-facef898a40f,C.Williams,QB,nfl-player-v1,127.811,6.218,0,0,0.822,0.011,0,0.0111
2025,19,2025_19_GB_CHI,CHI,00-0034827,d366aedd-7ef1-47c6-a3bb-637a4559f332,D.Moore,WR,nfl-player-v1,0,0.299,15.254,1.701,0,0,0.015,0.0151
2025,19,2025_19_GB_CHI,CHI,00-0034798,9242a171-f0ef-4b07-a145-63e7b6f3999d,D.Smythe,TE,nfl-player-v1,0,0,7.196,0.843,0,0,0,0.005
2025,19,2025_19_GB_CHI,CHI,00-0036275,49aefcdc-6cec-4beb-84e1-ba08880d15d6,D.Swift,RB,nfl-player-v1,0,41.774,3.72,0.608,0,0.436,0.012,0.3609
2025,19,2025_19_GB_CHI,CHI,00-0040236,08e87151-52f8-40cb-a625-42c1703b9eec,K.Monangai,RB,nfl-player-v1,0,27.553,4.254,0.689,0,0.145,0.007,0.1408
2025,19,2025_19_GB_CHI,CHI,00-0040735,7f3e9ce8-9c8d-4d38-b381-3e43b24bf041,L.Burden,WR,nfl-player-v1,0,0.292,14.403,1.62,0,0,0,0.005
2025,19,2025_19_GB_CHI,CHI,00-0035208,abb5a044-a3c2-46a1-9fac-b6d0ddf8475b,O.Zaccheaus,WR,nfl-player-v1,0,0,7.196,0.843,0,0,0.007,0.0074
2025,19,2025_19_GB_CHI,CHI,00-0039919,118470e6-4c10-41fd-9c53-8f079c8747aa,R.Odunze,WR,nfl-player-v1,0,0,12.986,1.48,0,0,0.013,0.0129
2025,19,2025_19_GB_CHI,GB,00-0038685,18850ce4-973b-4e21-a03e-aa04864658c8,C.Brooks,RB,nfl-player-v1,0,9.018,3.227,0.532,0,0,0,0.005
2025,19,2025_19_GB_CHI,GB,00-0038124,12c85e25-4ab3-432a-8046-7f8b9f971f0e,C.Watson,WR,nfl-player-v1,0,0,17.619,1.968,0,0,0.023,0.0227
2025,19,2025_19_GB_CHI,GB,00-0037194,720b8fa0-9650-4034-90bc-a1917b855f01,D.Kinnard,OL,nfl-player-v1,0,0,6.456,0.76,0,0,0,0.005
2025,19,2025_19_GB_CHI,GB,00-0038797,6572040d-90dd-479c-8d99-faf7175127c3,E.Wilson,RB,nfl-player-v1,0,8.968,2.471,0.412,0,0,0,0.005
2025,19,2025_19_GB_CHI,GB,00-0035700,1d87d00a-50b3-494c-a764-c0ff40e2a701,J.Jacobs,RB,nfl-player-v1,0,63.062,4.789,0.771,0,1.284,0.031,0.7316
2025,19,2025_19_GB_CHI,GB,00-0036264,537f0d83-5256-42bf-bc75-f956be1f26c5,J.Love,QB,nfl-player-v1,127.3,5.014,0,0,0.797,0,0,0.005
2025,19,2025_19_GB_CHI,GB,00-0039146,a7d95c35-eb3d-4b5e-a2b2-99a22df56259,J.Reed,WR,nfl-player-v1,0,0.361,18.16,2.011,0,0.001,0.047,0.0467
2025,19,2025_19_GB_CHI,GB,00-0038589,347e102e-5af8-471f-a451-d916b09ab96c,J.Whyle,TE,nfl-player-v1,0,0,6.456,0.76,0,0,0,0.005
2025,19,2025_19_GB_CHI,GB,00-0039144,bb8a3825-74f1-4c85-880a-a3108c33b36b,L.Musgrave,TE,nfl-player-v1,0,0,7.937,0.927,0,0,0,0.005
2025,19,2025_19_GB_CHI,GB,00-0040667,21d63dde-da33-498d-8984-467c8fa08df0,M.Golden,WR,nfl-player-v1,0,0,14.36,1.622,0,0,0,0.005
2025,19,2025_19_GB_CHI,GB,00-0037816,a5673ce8-e626-4f8f-a1c0-7864036be6a3,R.Doubs,WR,nfl-player-v1,0,0,28.853,3.079,0,0,0.072,0.0693
2025,19,2025_19_HOU_PIT,HOU,00-0034775,f9dd5323-f4d9-447e-8f5d-3e07ccece524,C.Kirk,WR,nfl-player-v1,0,0,24.072,2.566,0,0,0.051,0.05
2025,19,2025_19_HOU_PIT,HOU,00-0039359,1af5fe9f-0b86-407e-9071-b814a07c9834,C.Stover,TE,nfl-player-v1,0,0.269,8.201,0.947,0,0,0,0.005
2025,19,2025_19_HOU_PIT,HOU,00-0039163,5580f3af-a69b-4d18-aa9e-f9f360bb7daf,C.Stroud,QB,nfl-player-v1,114.144,4.724,0,0,0.715,0,0,0.005
2025,19,2025_19_HOU_PIT,HOU,00-0034383,fe4c4fa7-73c1-43b7-8823-e75c27674ec2,D.Schultz,TE,nfl-player-v1,0,0,11.536,1.308,0,0,0.026,0.0258
2025,19,2025_19_HOU_PIT,HOU,00-0040130,321f2f7a-617b-4114-867a-7188cd496cff,J.Higgins,WR,nfl-player-v1,0,0,11.746,1.332,0,0,0,0.005
2025,19,2025_19_HOU_PIT,HOU,00-0040138,e514b85a-324e-406e-880e-9c49fe37b12d,J.Noel,WR,nfl-player-v1,0,0,6.147,0.725,0,0,0,0.005
2025,19,2025_19_HOU_PIT,HOU,00-0034791,489002b7-b67b-4d6a-80d9-6000e716b0ce,N.Chubb,RB,nfl-player-v1,0,26.714,2.49,0.415,0,0,0,0.005
2025,19,2025_19_HOU_PIT,HOU,00-0036554,b8dae940-0938-432d-9b8c-3fc0ae4c8906,N.Collins,WR,nfl-player-v1,0,0,17.21,1.902,0,0,0,0.005
2025,19,2025_19_HOU_PIT,HOU,00-0040583,370bcf5e-ca00-4e72-b138-115538bdc569,W.Marks,RB,nfl-player-v1,0,45.834,3.176,0.522,0,0.812,0.018,0.5641
2025,19,2025_19_HOU_PIT,HOU,00-0038618,e432064c-a8c6-4b83-8119-a0bf2e30fa6f,X.Hutchinson,WR,nfl-player-v1,0,0,11.332,1.291,0,0,0.026,0.0255
2025,19,2025_19_BUF_JAX,JAX,00-0038935,80a87ed4-7f37-41e3-80a9-7f6581431750,B.Strange,TE,nfl-player-v1,0,0,14.435,1.623,0,0,0.015,0.015
2025,19,2025_19_BUF_JAX,JAX,00-0039893,2dc8cd75-0a7b-413d-a5a0-3a21b2e1dbc9,B.Thomas,WR,nfl-player-v1,0,0,8.659,1.002,0,0,0.009,0.0093
2025,19,2025_19_BUF_JAX,JAX,00-0040719,9d78928b-8c2f-4c2e-84ff-879c358142a1,B.Tuten,RB,nfl-player-v1,0,15.109,2.498,0.416,0,0.043,0.002,0.0443
2025,19,2025_19_BUF_JAX,JAX,00-0034960,55480340-bb90-4518-9695-e85dd3d36015,J.Meyers,WR,nfl-player-v1,0,0,12.118,1.381,0,0,0.013,0.0128
2025,19,2025_19_BUF_JAX,JAX,00-0040238,1fbfbedc-81ed-40ea-8bac-2007ea616902,L.Allen,RB,nfl-player-v1,0,8.386,3.301,0.542,0,0,0,0.005
2025,19,2025_19_BUF_JAX,JAX,00-0038606,ba986501-71a5-4c41-8836-02933c11efda,P.Washington,WR,nfl-player-v1,0,0.752,35.85,3.671,0,0.002,0.103,0.0997
2025,19,2025_19_BUF_JAX,JAX,00-0036973,13c9b1da-11e5-44db-b6e2-2ce94a697d63,T.Etienne,RB,nfl-player-v1,0,30.414,7.342,1.138,0,0.248,0.018,0.2333
2025,19,2025_19_BUF_JAX,JAX,00-0036971,d0738d0d-7cc8-49b9-882e-a1fb536c47e7,T.Lawrence,QB,nfl-player-v1,120.916,7.953,0,0,0.847,0.06,0,0.0581
2025,19,2025_19_BUF_JAX,JAX,00-0033375,0d4b90d7-5de5-47f3-a213-f10b8c403998,T.Patrick,WR,nfl-player-v1,0,0,6.363,0.75,0,0,0,0.005
2025,19,2025_19_LA_CAR,LA,00-0039738,e5a46115-0912-415a-b0ef-fc6459391e9c,B.Corum,RB,nfl-player-v1,0,33.102,3.744,0.611,0,0,0,0.005
2025,19,2025_19_LA_CAR,LA,00-0036244,5bfdeab0-8d49-4746-a2be-60598dcbcf43,C.Parkinson,TE,nfl-player-v1,0,0,8.941,1.035,0,0,0.013,0.0131
2025,19,2025_19_LA_CAR,LA,00-0031381,6af876b7-d6ca-483e-bfab-51357985a24c,D.Adams,WR,nfl-player-v1,0,0,27.429,2.941,0,0,0,0.005
2025,19,2025_19_LA_CAR,LA,00-0040590,802a6e31-ba99-42c3-b0dc-94b4eee5aab9,K.Mumpfield,WR,nfl-player-v1,0,0,6.164,0.726,0,0,0,0.005
2025,19,2025_19_LA_CAR,LA,00-0037840,d499f341-a8ae-4bc2-a2d0-09cbdcbc82c8,K.Williams,RB,nfl-player-v1,0,38.482,3.779,0.616,0,0.437,0.013,0.3626
2025,19,2025_19_LA_CAR,LA,00-0026498,7fc98b95-d8a9-461b-895c-675c835c87a6,M.Stafford,QB,nfl-player-v1,121.768,4.891,0,0,0.793,0.013,0,0.0125
2025,19,2025_19_LA_CAR,LA,00-0039075,cc8ed8e0-fd25-4c8f-bc2e-7c8b1975f241,P.Nacua,WR,nfl-player-v1,0,0.946,41.273,4.177,0,0.005,0.213,0.1958
2025,19,2025_19_LA_CAR,LA,00-0033110,a21c681d-1ae5-4cc3-9b3e-29b4909192bb,T.Higbee,TE,nfl-player-v1,0,0,9.045,1.047,0,0,0.013,0.0132
2025,19,2025_19_LAC_NE,LAC,00-0036355,86721778-e183-4522-8ddc-55e00f17fbe7,J.Herbert,QB,nfl-player-v1,132.232,10.311,0,0,0.966,0.116,0,0.1097
2025,19,2025_19_LAC_NE,LAC,00-0030279,60f4cd06-05df-4280-add3-4cecee3a82d3,K.Allen,WR,nfl-player-v1,0,0,23.832,2.597,0,0,0.045,0.0444
2025,19,2025_19_LAC_NE,LAC,00-0039391,533082ab-7fe9-4268-80bc-0139989251cf,K.Vidal,RB,nfl-player-v1,0,35.227,5.341,0.852,0,0.363,0.017,0.3161
2025,19,2025_19_LAC_NE,LAC,00-0039915,7f5bf6e3-b07c-4361-bc95-0311908c7bf8,L.McConkey,WR,nfl-player-v1,0,0,13.49,1.525,0,0,0,0.005
2025,19,2025_19_LAC_NE,LAC,00-0040189,070528cf-a9c0-48c4-a759-be8a5cd3922f,O.Gadsden,TE,nfl-player-v1,0,0,11.167,1.274,0,0,0,0.005
2025,19,2025_19_LAC_NE,LAC,00-0040666,16cd7307-da4f-405d-a98d-e8bb22f5599f,O.Hampton,RB,nfl-player-v1,0,7.331,2.099,0.35,0,0,0,0.005
2025,19,2025_19_LAC_NE,LAC,00-0038544,eb41f78e-bfc6-47e4-8f04-1d8b1231218f,Q.Johnston,WR,nfl-player-v1,0,0,18.031,2.001,0,0,0,0.005
2025,19,2025_19_LAC_NE,LAC,00-0037654,0d83d213-d939-46f6-b48d-cbfa7e63c806,T.Fisk,TE,nfl-player-v1,0,0,9.505,1.085,0,0,0.019,0.0188
2025,19,2025_19_LAC_NE,LAC,00-0040727,ff157432-dabf-43cf-96af-8ff8ebad77a9,T.Harris,WR,nfl-player-v1,0,0,10.956,1.256,0,0,0,0.005
2025,19,2025_19_LAC_NE,NE,00-0032392,da501cdf-983b-48c5-9918-7569b745567c,A.Hooper,TE,nfl-player-v1,0,0,8.5,0.991,0,0,0,0.005
2025,19,2025_19_LAC_NE,NE,00-0038621,bc093a81-2f9d-44f8-85cc-cb7d3f539296,D.Douglas,WR,nfl-player-v1,0,0,8.689,1.008,0,0,0,0.005
2025,19,2025_19_LAC_NE,NE,00-0039851,c18b2fe3-1746-464c-9604-91eca99e8c5c,D.Maye,QB,nfl-player-v1,128.828,8.119,0,0,0.896,0.057,0,0.0557
2025,19,2025_19_LAC_NE,NE,00-0040563,d6ce8d4c-60a3-46be-a6b1-704a8044fe57,E.Chism,WR,nfl-player-v1,0,0,6.704,0.784,0,0,0,0.005
2025,19,2025_19_LAC_NE,NE,00-0033090,835b972d-7fc1-48d2-bfb6-4ad15a30a0a1,H.Henry,TE,nfl-player-v1,0,0,16.547,1.843,0,0,0,0.005
2025,19,2025_19_LAC_NE,NE,00-0039305,bfdba9dd-9ada-42df-a194-faabb73703c4,J.Westover,RB,nfl-player-v1,0,6.329,3.468,0.569,0,0,0,0.005
2025,19,2025_19_LAC_NE,NE,00-0038608,353c0718-b585-42e4-9fdd-65abf246f4d1,K.Boutte,WR,nfl-player-v1,0,0,11.857,1.328,0,0,0,0.005
2025,19,2025_19_LAC_NE,NE,00-0040131,8490b4f2-0ce0-429e-93d9-e5bf60f69adf,K.Williams,WR,nfl-player-v1,0,0,6.84,0.802,0,0,0,0.005
2025,19,2025_19_LAC_NE,NE,00-0036875,64641499-cd80-4cac-adcf-0272f37d57cc,R.Stevenson,RB,nfl-player-v1,0,29.986,6.612,1.033,0,0.308,0.021,0.28
2025,19,2025_19_LAC_NE,NE,00-0031588,8ea2703a-b355-44a5-a0d5-3ade7964e460,S.Diggs,WR,nfl-player-v1,0,0,15.728,1.76,0,0,0,0.005
2025,19,2025_19_LAC_NE,NE,00-0040734,8c7fdfc1-da82-46bd-8059-d38dfc782a85,T.Henderson,RB,nfl-player-v1,0,27.317,3.505,0.575,0,0.287,0.011,0.2578
2025,19,2025_19_SF_PHI,PHI,00-0035676,e97f648c-f826-40a0-a562-437d2714fd40,A.Brown,WR,nfl-player-v1,0,0,15.917,1.767,0,0,0,0.005
2025,19,2025_19_SF_PHI,PHI,00-0040024,da99bf06-ca0e-47c2-9e71-2b4ecf7efefe,D.Cooper,WR,nfl-player-v1,0,0,6.229,0.732,0,0,0,0.005
2025,19,2025_19_SF_PHI,PHI,00-0034351,fa192789-c280-45f1-b92c-b3d6a2e97cb5,D.Goedert,TE,nfl-player-v1,0,0.24,16.756,1.846,0,0.001,0.07,0.069
2025,19,2025_19_SF_PHI,PHI,00-0036912,d0e121df-25e6-4268-9e79-b99acb8e9160,D.Smith,WR,nfl-player-v1,0,0,25.767,2.721,0,0,0.035,0.034
2025,19,2025_19_SF_PHI,PHI,00-0037741,6d4cdf27-b583-4056-b59d-95182c15301b,J.Dotson,WR,nfl-player-v1,0,0,5.989,0.707,0,0,0,0.005
2025,19,2025_19_SF_PHI,PHI,00-0036389,c415d118-a039-407a-a350-3e89d8042e25,J.Hurts,QB,nfl-player-v1,119.295,6.288,0,0,0.747,0,0,0.005
2025,19,2025_19_SF_PHI,PHI,00-0034844,9a93ddfe-033a-4098-acc7-9be147087ec8,S.Barkley,RB,nfl-player-v1,0,60.378,6.866,1.06,0,1.098,0.039,0.679
2025,19,2025_19_SF_PHI,PHI,00-0038555,f6e1063b-4d79-4005-b44c-7621b0f82a81,T.Bigsby,RB,nfl-player-v1,0,13.723,2.471,0.412,0,0.054,0.003,0.055
2025,19,2025_19_SF_PHI,PHI,00-0039746,53f7c2dd-3fec-4e55-9991-00e4d7c2fc74,W.Shipley,RB,nfl-player-v1,0,6.183,3.119,0.513,0,0,0,0.005
2025,19,2025_19_HOU_PIT,PIT,00-0023459,9cd40a7b-735b-4670-bf0e-4d357c5b3e10,A.Rodgers,QB,nfl-player-v1,115.264,4.114,0,0,0.722,0,0,0.005
2025,19,2025_19_HOU_PIT,PIT,00-0030035,f78e2b4f-796b-41c8-9af0-75caf042eb26,A.Thielen,WR,nfl-player-v1,0,0,9.082,1.052,0,0,0.049,0.0479
2025,19,2025_19_HOU_PIT,PIT,00-0037837,bb6900c7-cf17-450b-b596-4a3542add3ef,C.Austin,WR,nfl-player-v1,0,0,18.279,2.032,0,0,0,0.005
2025,19,2025_19_HOU_PIT,PIT,00-0035640,4aefe4b3-05d4-4513-8386-ceefefe04e87,D.Metcalf,WR,nfl-player-v1,0,0,15.619,1.759,0,0,0,0.005
2025,19,2025_19_HOU_PIT,PIT,00-0033858,8b8c7b1a-90f6-4931-b9d8-3c8cfb0c920b,J.Smith,TE,nfl-player-v1,0,0,11.229,1.288,0,0,0,0.005
2025,19,2025_19_HOU_PIT,PIT,00-0037228,23de35af-3a1c-4ae7-9ea4-954a48d78d6a,J.Warren,RB,nfl-player-v1,0,42.818,3.471,0.57,0,0.591,0.015,0.4543
2025,19,2025_19_HOU_PIT,PIT,00-0036919,8a95e757-cf19-40cd-9cc1-77255bb487f1,K.Gainwell,RB,nfl-player-v1,0,24.667,8.806,1.35,0,0,0,0.005
2025,19,2025_19_HOU_PIT,PIT,00-0034771,51bc9571-a821-4045-a21b-20447caa002a,M.Rudolph,QB,nfl-player-v1,101.262,4.319,0,0,0.634,0,0,0.005
2025,19,2025_19_HOU_PIT,PIT,00-0034272,ce987bc8-98ca-4ce6-85b3-8e9ef51b0a8f,M.Valdes-Scantling,WR,nfl-player-v1,0,0,15.821,1.775,0,0,0,0.005
2025,19,2025_19_HOU_PIT,PIT,00-0036894,07b45f1c-fb0a-40db-939b-4ee4836e9343,P.Freiermuth,TE,nfl-player-v1,0,0,10.787,1.243,0,0,0,0.005
2025,19,2025_19_SF_PHI,SF,00-0037834,fb4669d0-c27f-4ea4-bd37-8d3bad299f07,B.Purdy,QB,nfl-player-v1,123.772,8.18,0,0,0.775,0,0,0.005
2025,19,2025_19_SF_PHI,SF,00-0033280,ae3498a3-f309-4ea2-a3c1-031f013cc394,C.McCaffrey,RB,nfl-player-v1,0,46.85,11.296,1.68,0,1.178,0.086,0.7174
2025,19,2025_19_SF_PHI,SF,00-0032775,03ab017e-f181-4486-9661-1c6485dedf19,D.Robinson,WR,nfl-player-v1,0,0,21.456,2.329,0,0,0.03,0.0292
2025,19,2025_19_SF_PHI,SF,00-0033288,6ef21d58-07b4-49a0-9e4b-ab6e4f527023,G.Kittle,TE,nfl-player-v1,0,0,8.622,1.002,0,0,0,0.005
2025,19,2025_19_SF_PHI,SF,00-0036259,046bd3b8-161d-4c19-9816-df5ce3e96947,J.Jennings,WR,nfl-player-v1,0,0,10.539,1.211,0,0,0.015,0.0153
2025,19,2025_19_SF_PHI,SF,00-0037112,a83d87f5-9208-48ee-a81c-bba3090ea426,J.Tonges,TE,nfl-player-v1,0,0,10.383,1.195,0,0,0,0.005
2025,19,2025_19_SF_PHI,SF,00-0029892,86ed80c1-0dd7-4c07-a0b3-cea9fab60c0a,K.Juszczyk,RB,nfl-player-v1,0,6.514,6.43,1.011,0,0.025,0.007,0.0317
2025,19,2025_19_SF_PHI,SF,00-0036887,d379e74d-8a48-4767-b405-a32b09db1b28,L.Farrell,TE,nfl-player-v1,0,0,6.433,0.758,0,0,0,0.005
2025,19,2025_19_SF_PHI,SF,00-0034867,90512c81-b774-4f19-89bb-556666504a86,M.Turner,WR,nfl-player-v1,0,0,6.433,0.758,0,0,0,0.005
2025,19,2025_19_SF_PHI,SF,00-0038090,6e757178-0d20-49cf-a88a-c4b47817ff31,S.Moore,WR,nfl-player-v1,0,0.363,6.469,0.758,0,0,0,0.005
2025,20,2025_20_BUF_DEN,BUF,00-0031236,16125e50-cd99-4225-a124-62507be3ffd8,B.Cooks,WR,nfl-player-v1,0,0,13.082,1.479,0,0,0.011,0.0108
2025,20,2025_20_BUF_DEN,BUF,00-0033282,8fb77061-caa4-4ab3-93ac-3f435b1dad39,C.Samuel,WR,nfl-player-v1,0,0,7.309,0.848,0,0,0.012,0.0124
2025,20,2025_20_BUF_DEN,BUF,00-0038933,8a6f4627-ab82-4cb4-92df-699336ac1690,D.Kincaid,TE,nfl-player-v1,0,0,14.594,1.629,0,0,0.012,0.0119
2025,20,2025_20_BUF_DEN,BUF,00-0035689,83978a45-a7da-408d-a462-426f5444a908,D.Knox,TE,nfl-player-v1,0,0,11.883,1.349,0,0,0,0.005
2025,20,2025_20_BUF_DEN,BUF,00-0034857,32369b37-6bce-4910-acfa-f658676697d3,J.Allen,QB,nfl-player-v1,133.661,9.121,0,0,0.896,0.042,0,0.0407
2025,20,2025_20_BUF_DEN,BUF,00-0037248,61da158c-dacb-4567-8ec7-9521d0868e5f,J.Cook,RB,nfl-player-v1,0,58.629,4.388,0.707,0,0.63,0.015,0.4753
2025,20,2025_20_BUF_DEN,BUF,00-0039901,15497e04-abce-413c-b84b-6928c1f96d77,K.Coleman,WR,nfl-player-v1,0,0,8.606,0.998,0,0,0.015,0.0146
2025,20,2025_20_BUF_DEN,BUF,00-0037261,a182f320-892e-4344-8c39-d03ec8d397c4,K.Shakir,WR,nfl-player-v1,0,0,19.484,2.122,0,0,0.047,0.0458
2025,20,2025_20_BUF_DEN,BUF,00-0035140,6d4ad627-0c8f-4380-9545-0d937be0ca6c,M.Hardman,WR,nfl-player-v1,0,0,7.278,0.851,0,0,0.006,0.0062
2025,20,2025_20_BUF_DEN,BUF,00-0039875,51239dbe-c985-42a4-bdb6-e31bea991d12,R.Davis,RB,nfl-player-v1,0,6.211,3.705,0.603,0,0,0,0.005
2025,20,2025_20_LA_CHI,CHI,00-0036290,e20adbbe-669d-4d26-b64a-84332cd2acfd,C.Kmet,TE,nfl-player-v1,0,0,8.511,0.983,0,0,0.011,0.0105
2025,20,2025_20_LA_CHI,CHI,00-0040126,20e5eda2-e6a7-45e5-8ed5-958a5d49a8ae,C.Loveland,TE,nfl-player-v1,0,0,18.46,2.027,0,0,0,0.005
2025,20,2025_20_LA_CHI,CHI,00-0039918,d3372f7c-27eb-47ac-9d90-facef898a40f,C.Williams,QB,nfl-player-v1,122.586,6.213,0,0,0.767,0,0,0.005
2025,20,2025_20_LA_CHI,CHI,00-0034827,d366aedd-7ef1-47c6-a3bb-637a4559f332,D.Moore,WR,nfl-player-v1,0,0.223,16.301,1.802,0,0.001,0.039,0.0386
2025,20,2025_20_LA_CHI,CHI,00-0034798,9242a171-f0ef-4b07-a145-63e7b6f3999d,D.Smythe,TE,nfl-player-v1,0,0,5.988,0.706,0,0,0,0.005
2025,20,2025_20_LA_CHI,CHI,00-0036275,49aefcdc-6cec-4beb-84e1-ba08880d15d6,D.Swift,RB,nfl-player-v1,0,43.264,2.479,0.413,0,0.418,0.008,0.3467
2025,20,2025_20_LA_CHI,CHI,00-0040236,08e87151-52f8-40cb-a625-42c1703b9eec,K.Monangai,RB,nfl-player-v1,0,32.421,4.868,0.778,0,0.31,0.014,0.2772
2025,20,2025_20_LA_CHI,CHI,00-0040735,7f3e9ce8-9c8d-4d38-b381-3e43b24bf041,L.Burden,WR,nfl-player-v1,0,0.212,13.744,1.539,0,0.001,0.05,0.0492
2025,20,2025_20_LA_CHI,CHI,00-0035208,abb5a044-a3c2-46a1-9fac-b6d0ddf8475b,O.Zaccheaus,WR,nfl-player-v1,0,0,7.01,0.82,0,0,0,0.005
2025,20,2025_20_LA_CHI,CHI,00-0039919,118470e6-4c10-41fd-9c53-8f079c8747aa,R.Odunze,WR,nfl-player-v1,0,0,10.325,1.171,0,0,0,0.005
2025,20,2025_20_LA_CHI,CHI,00-0039459,3857b399-5103-4bac-8e6f-abc1fbc21c3b,T.Benedet,OL,nfl-player-v1,0,0,5.779,0.683,0,0,0,0.005
2025,20,2025_20_BUF_DEN,DEN,00-0036727,2e3ef41a-d0ea-473a-b249-559f5a424df1,A.Prentice,RB,nfl-player-v1,0,6.167,3.137,0.517,0,0,0,0.005
2025,20,2025_20_BUF_DEN,DEN,00-0036422,b141ab2c-c6c5-49b2-94f4-781604cbeb98,A.Trautman,TE,nfl-player-v1,0,0,7.513,0.881,0,0,0,0.005
2025,20,2025_20_BUF_DEN,DEN,00-0039732,40159058-8f61-4120-8323-ec81eaeff8ce,B.Nix,QB,nfl-player-v1,141.535,11.339,0,0,1.017,0.107,0,0.1012
2025,20,2025_20_BUF_DEN,DEN,00-0034348,017301c4-fe49-48a1-a533-db70f693a734,C.Sutton,WR,nfl-player-v1,0,0,20.321,2.243,0,0,0,0.005
2025,20,2025_20_BUF_DEN,DEN,00-0033881,44ecc125-b690-4177-93f9-f03d50825239,E.Engram,TE,nfl-player-v1,0,0,9.13,1.06,0,0,0.012,0.0123
2025,20,2025_20_BUF_DEN,DEN,00-0039568,d1f613f3-38fe-4469-aeda-f86839bf9e99,F.Crum,OL,nfl-player-v1,0,0,6.296,0.742,0,0,0.009,0.0086
2025,20,2025_20_BUF_DEN,DEN,00-0038794,5c36d9ad-e706-41e2-901b-a2619071857f,J.McLaughlin,RB,nfl-player-v1,0,18.484,3.137,0.517,0,0.066,0.003,0.0668
2025,20,2025_20_BUF_DEN,DEN,00-0035406,24fa8fd8-69ba-45e6-b4b2-b530f48b8c92,L.Humphrey,WR,nfl-player-v1,0,0,12.496,1.426,0,0,0.017,0.0165
2025,20,2025_20_BUF_DEN,DEN,00-0038976,d99e2c6d-aef8-4250-9bec-3a167ae51085,M.Mims,WR,nfl-player-v1,0,0,19.509,2.142,0,0,0,0.005
2025,20,2025_20_BUF_DEN,DEN,00-0038783,ce124a9f-0d72-4e5f-89b6-3817ee5f738e,N.Adkins,TE,nfl-player-v1,0,0,6.165,0.726,0,0,0,0.005
2025,20,2025_20_BUF_DEN,DEN,00-0040134,de70216e-21b4-4de8-a4e8-1c0e4ed7734b,P.Bryant,WR,nfl-player-v1,0,0,9.486,1.095,0,0,0,0.005
2025,20,2025_20_BUF_DEN,DEN,00-0040730,f30905bf-54ce-4e54-8ae4-38b278499802,R.Harvey,RB,nfl-player-v1,0,25.595,7.048,1.103,0,0.265,0.022,0.2492
2025,20,2025_20_BUF_DEN,DEN,00-0037085,e91b7026-2866-4587-96e6-3eba8e3346af,T.Badie,RB,nfl-player-v1,0,6.198,3.846,0.627,0,0,0,0.005
2025,20,2025_20_HOU_NE,HOU,00-0034775,f9dd5323-f4d9-447e-8f5d-3e07ccece524,C.Kirk,WR,nfl-player-v1,0,0,13.468,1.532,0,0,0.031,0.0302
2025,20,2025_20_HOU_NE,HOU,00-0039359,1af5fe9f-0b86-407e-9071-b814a07c9834,C.Stover,TE,nfl-player-v1,0,0.732,8.939,1.029,0,0.002,0.031,0.0328
2025,20,2025_20_HOU_NE,HOU,00-0039163,5580f3af-a69b-4d18-aa9e-f9f360bb7daf,C.Stroud,QB,nfl-player-v1,127.219,5.57,0,0,0.797,0,0,0.005
2025,20,2025_20_HOU_NE,HOU,00-0034383,fe4c4fa7-73c1-43b7-8823-e75c27674ec2,D.Schultz,TE,nfl-player-v1,0,0,7.697,0.899,0,0,0.009,0.0089
2025,20,2025_20_HOU_NE,HOU,00-0036232,da359930-7530-4fbe-95b3-a65e46558c10,H.Bryant,TE,nfl-player-v1,0,0,13.642,1.547,0,0,0,0.005
2025,20,2025_20_HOU_NE,HOU,00-0040130,321f2f7a-617b-4114-867a-7188cd496cff,J.Higgins,WR,nfl-player-v1,0,0,21.512,2.358,0,0,0,0.005
2025,20,2025_20_HOU_NE,HOU,00-0040138,e514b85a-324e-406e-880e-9c49fe37b12d,J.Noel,WR,nfl-player-v1,0,0,5.983,0.707,0,0,0,0.005
2025,20,2025_20_HOU_NE,HOU,00-0034791,489002b7-b67b-4d6a-80d9-6000e716b0ce,N.Chubb,RB,nfl-player-v1,0,18.414,3.093,0.51,0,0,0,0.005
2025,20,2025_20_HOU_NE,HOU,00-0040583,370bcf5e-ca00-4e72-b138-115538bdc569,W.Marks,RB,nfl-player-v1,0,50.887,4.467,0.723,0,1.049,0.029,0.6597
2025,20,2025_20_HOU_NE,HOU,00-0038618,e432064c-a8c6-4b83-8119-a0bf2e30fa6f,X.Hutchinson,WR,nfl-player-v1,0,0,26.562,2.873,0,0,0,0.005
2025,20,2025_20_LA_CHI,LA,00-0039738,e5a46115-0912-415a-b0ef-fc6459391e9c,B.Corum,RB,nfl-player-v1,0,20.521,2.471,0.412,0,0,0,0.005
2025,20,2025_20_LA_CHI,LA,00-0036244,5bfdeab0-8d49-4746-a2be-60598dcbcf43,C.Parkinson,TE,nfl-player-v1,0,0,15.666,1.755,0,0,0.02,0.0203
2025,20,2025_20_LA_CHI,LA,00-0031381,6af876b7-d6ca-483e-bfab-51357985a24c,D.Adams,WR,nfl-player-v1,0,0,13.775,1.559,0,0,0.018,0.018
2025,20,2025_20_LA_CHI,LA,00-0039751,dfecf1de-d300-4e69-93bc-20c4513f98c0,J.Whittington,WR,nfl-player-v1,0,0.276,7.807,0.906,0,0,0,0.005
2025,20,2025_20_LA_CHI,LA,00-0040590,802a6e31-ba99-42c3-b0dc-94b4eee5aab9,K.Mumpfield,WR,nfl-player-v1,0,0,9.069,1.049,0,0,0.012,0.0122
2025,20,2025_20_LA_CHI,LA,00-0037840,d499f341-a8ae-4bc2-a2d0-09cbdcbc82c8,K.Williams,RB,nfl-player-v1,0,60.355,6.098,0.962,0,1.221,0.038,0.7163
2025,20,2025_20_LA_CHI,LA,00-0026498,7fc98b95-d8a9-461b-895c-675c835c87a6,M.Stafford,QB,nfl-player-v1,122.986,4.403,0,0,0.77,0,0,0.005
2025,20,2025_20_LA_CHI,LA,00-0039075,cc8ed8e0-fd25-4c8f-bc2e-7c8b1975f241,P.Nacua,WR,nfl-player-v1,0,0.562,22.165,2.398,0,0.001,0.028,0.0283
2025,20,2025_20_LA_CHI,LA,00-0040737,4338c37a-86fe-4f3d-9b1e-af899ef9146b,T.Ferguson,TE,nfl-player-v1,0,0,12.227,1.399,0,0,0,0.005
2025,20,2025_20_LA_CHI,LA,00-0033110,a21c681d-1ae5-4cc3-9b3e-29b4909192bb,T.Higbee,TE,nfl-player-v1,0,0,7.494,0.876,0,0,0.01,0.0102
2025,20,2025_20_HOU_NE,NE,00-0032392,da501cdf-983b-48c5-9918-7569b745567c,A.Hooper,TE,nfl-player-v1,0,0,8.485,0.983,0,0,0,0.005
2025,20,2025_20_HOU_NE,NE,00-0038621,bc093a81-2f9d-44f8-85cc-cb7d3f539296,D.Douglas,WR,nfl-player-v1,0,0,8.883,1.024,0,0,0,0.005
2025,20,2025_20_HOU_NE,NE,00-0039851,c18b2fe3-1746-464c-9604-91eca99e8c5c,D.Maye,QB,nfl-player-v1,115.319,5.249,0,0,0.722,0,0,0.005
2025,20,2025_20_HOU_NE,NE,00-0033090,835b972d-7fc1-48d2-bfb6-4ad15a30a0a1,H.Henry,TE,nfl-player-v1,0,0,8.651,1.003,0,0,0,0.005
2025,20,2025_20_HOU_NE,NE,00-0038608,353c0718-b585-42e4-9fdd-65abf246f4d1,K.Boutte,WR,nfl-player-v1,0,0,15.617,1.736,0,0,0,0.005
2025,20,2025_20_HOU_NE,NE,00-0040131,8490b4f2-0ce0-429e-93d9-e5bf60f69adf,K.Williams,WR,nfl-player-v1,0,0,10.22,1.178,0,0,0,0.005
2025,20,2025_20_HOU_NE,NE,00-0036875,64641499-cd80-4cac-adcf-0272f37d57cc,R.Stevenson,RB,nfl-player-v1,0,39.92,6.389,0.996,0,0,0,0.005
2025,20,2025_20_HOU_NE,NE,00-0031588,8ea2703a-b355-44a5-a0d5-3ade7964e460,S.Diggs,WR,nfl-player-v1,0,0,18.385,2.013,0,0,0.141,0.1314
2025,20,2025_20_HOU_NE,NE,00-0040734,8c7fdfc1-da82-46bd-8059-d38dfc782a85,T.Henderson,RB,nfl-player-v1,0,30.38,4.23,0.681,0,0,0,0.005
2025,20,2025_20_SF_SEA,SEA,00-0039793,1359d114-9fb9-4783-8101-efdec545f961,A.Barner,TE,nfl-player-v1,0,0.255,4.907,0.581,0,0,0,0.005
2025,20,2025_20_SF_SEA,SEA,00-0033908,42465aa3-53c4-4afb-bf91-0ac136659ba3,C.Kupp,WR,nfl-player-v1,0,0,23.289,2.461,0,0,0.025,0.0243
2025,20,2025_20_SF_SEA,SEA,00-0038752,b63fdf70-1305-4f5c-9a69-0521e037cafc,J.Bobo,WR,nfl-player-v1,0,0,7.502,0.871,0,0,0,0.005
2025,20,2025_20_SF_SEA,SEA,00-0038543,8d9cebd3-3534-48a0-a4e9-2c0ebc5c1c94,J.Smith-Njigba,WR,nfl-player-v1,0,0,17.469,1.903,0,0,0.038,0.0373
2025,20,2025_20_SF_SEA,SEA,00-0038134,593d9bcd-2ae1-41ca-bf16-2d3c62d5b196,K.Walker,RB,nfl-player-v1,0,38.589,6.732,1.037,0,0.99,0.053,0.6479
2025,20,2025_20_SF_SEA,SEA,00-0040649,85044b35-48a5-43ad-8b8b-525299fb9ac9,R.Ouzts,RB,nfl-player-v1,0,6.196,3.612,0.586,0,0,0,0.005
2025,20,2025_20_SF_SEA,SEA,00-0037545,0a931859-dbbe-4421-8bdc-ee6094237041,R.Shaheed,WR,nfl-player-v1,0,0.495,9.739,1.11,0,0,0,0.005
2025,20,2025_20_SF_SEA,SEA,00-0034869,3a4bd5d6-8b01-4324-8449-d0f7c2059e36,S.Darnold,QB,nfl-player-v1,90.972,3.672,0,0,0.57,0,0,0.005
2025,20,2025_20_SF_SEA,SEA,00-0037745,c9efa72c-b0b3-45d7-8af4-a734ef3a1e24,V.Jones,RB,nfl-player-v1,0,15.174,2.471,0.412,0,0,0,0.005
2025,20,2025_20_SF_SEA,SEA,00-0039165,7bb1ecbd-ce2a-443f-881d-e3f993b6a1c0,Z.Charbonnet,RB,nfl-player-v1,0,13.651,2.471,0.412,0,0.042,0.002,0.0431
2025,20,2025_20_SF_SEA,SF,00-0037834,fb4669d0-c27f-4ea4-bd37-8d3bad299f07,B.Purdy,QB,nfl-player-v1,118.773,6.915,0,0,0.744,0,0,0.005
2025,20,2025_20_SF_SEA,SF,00-0037746,00b3cb74-e58d-4660-b1df-2376a82120b6,B.Robinson,RB,nfl-player-v1,0,12.502,3.358,0.551,0,0,0,0.005
2025,20,2025_20_SF_SEA,SF,00-0033280,ae3498a3-f309-4ea2-a3c1-031f013cc394,C.McCaffrey,RB,nfl-player-v1,0,31.458,8.789,1.332,0,0,0,0.005
2025,20,2025_20_SF_SEA,SF,00-0032775,03ab017e-f181-4486-9661-1c6485dedf19,D.Robinson,WR,nfl-player-v1,0,0,6.619,0.776,0,0,0,0.005
2025,20,2025_20_SF_SEA,SF,00-0040177,c717d85a-ce32-4128-a828-53555697e6ad,J.James,RB,nfl-player-v1,0,19.124,3.397,0.557,0,0,0,0.005
2025,20,2025_20_SF_SEA,SF,00-0036259,046bd3b8-161d-4c19-9816-df5ce3e96947,J.Jennings,WR,nfl-player-v1,0,0,15.21,1.702,0,0,0,0.005
2025,20,2025_20_SF_SEA,SF,00-0037112,a83d87f5-9208-48ee-a81c-bba3090ea426,J.Tonges,TE,nfl-player-v1,0,0,19.081,2.085,0,0,0,0.005
2025,20,2025_20_SF_SEA,SF,00-0033307,77cbc405-dc41-40e4-b0bd-dd8a73396612,K.Bourne,WR,nfl-player-v1,0,0,8.354,0.974,0,0,0,0.005
2025,20,2025_20_SF_SEA,SF,00-0029892,86ed80c1-0dd7-4c07-a0b3-cea9fab60c0a,K.Juszczyk,RB,nfl-player-v1,0,8.285,3.358,0.551,0,0,0,0.005
2025,20,2025_20_SF_SEA,SF,00-0036887,d379e74d-8a48-4767-b405-a32b09db1b28,L.Farrell,TE,nfl-player-v1,0,0,8.54,0.99,0,0,0,0.005
2025,20,2025_20_SF_SEA,SF,00-0036972,074db5dc-6d97-4108-a542-20e6cb42f4a6,M.Jones,QB,nfl-player-v1,100.834,4.739,0,0,0.631,0,0,0.005
2025,20,2025_20_SF_SEA,SF,00-0039916,da658afc-9594-4977-9a7c-3939c1bb4aee,R.Pearsall,WR,nfl-player-v1,0,0,7.095,0.827,0,0,0,0.005
2025,21,2025_21_NE_DEN,DEN,00-0036727,2e3ef41a-d0ea-473a-b249-559f5a424df1,A.Prentice,RB,nfl-player-v1,0,8.561,2.52,0.42,0,0,0,0.005
2025,21,2025_21_NE_DEN,DEN,00-0034348,017301c4-fe49-48a1-a533-db70f693a734,C.Sutton,WR,nfl-player-v1,0,0,16.283,1.813,0,0,0.051,0.0495
2025,21,2025_21_NE_DEN,DEN,00-0033881,44ecc125-b690-4177-93f9-f03d50825239,E.Engram,TE,nfl-player-v1,0,0,11.147,1.273,0,0,0,0.005
2025,21,2025_21_NE_DEN,DEN,00-0036980,b00bd3b2-8fb1-4c61-b575-87a93b457caf,E.Moore,WR,nfl-player-v1,0,0,6.73,0.789,0,0,0,0.005
2025,21,2025_21_NE_DEN,DEN,00-0038794,5c36d9ad-e706-41e2-901b-a2619071857f,J.McLaughlin,RB,nfl-player-v1,0,15.41,4.372,0.705,0,0,0,0.005
2025,21,2025_21_NE_DEN,DEN,00-0035264,71c87791-cb96-4ae5-81b7-b34f7074c8fe,J.Stidham,QB,nfl-player-v1,118.052,6.402,0,0,0.805,0.037,0,0.0366
2025,21,2025_21_NE_DEN,DEN,00-0035406,24fa8fd8-69ba-45e6-b4b2-b530f48b8c92,L.Humphrey,WR,nfl-player-v1,0,0,10.912,1.252,0,0,0,0.005
2025,21,2025_21_NE_DEN,DEN,00-0038976,d99e2c6d-aef8-4250-9bec-3a167ae51085,M.Mims,WR,nfl-player-v1,0,0,19.243,2.112,0,0,0,0.005
2025,21,2025_21_NE_DEN,DEN,00-0040134,de70216e-21b4-4de8-a4e8-1c0e4ed7734b,P.Bryant,WR,nfl-player-v1,0,0.342,6.912,0.806,0,0.001,0.023,0.0234
2025,21,2025_21_NE_DEN,DEN,00-0040730,f30905bf-54ce-4e54-8ae4-38b278499802,R.Harvey,RB,nfl-player-v1,0,38.514,9.078,1.375,0,0.31,0.022,0.2822
2025,21,2025_21_NE_DEN,DEN,00-0037085,e91b7026-2866-4587-96e6-3eba8e3346af,T.Badie,RB,nfl-player-v1,0,8.561,2.52,0.42,0,0,0,0.005
2025,21,2025_21_LA_SEA,LA,00-0039738,e5a46115-0912-415a-b0ef-fc6459391e9c,B.Corum,RB,nfl-player-v1,0,29.229,5.011,0.803,0,0.121,0.006,0.1197
2025,21,2025_21_LA_SEA,LA,00-0036244,5bfdeab0-8d49-4746-a2be-60598dcbcf43,C.Parkinson,TE,nfl-player-v1,0,0,12.223,1.389,0,0,0,0.005
2025,21,2025_21_LA_SEA,LA,00-0031381,6af876b7-d6ca-483e-bfab-51357985a24c,D.Adams,WR,nfl-player-v1,0,0,16.553,1.843,0,0,0.026,0.0255
2025,21,2025_21_LA_SEA,LA,00-0040590,802a6e31-ba99-42c3-b0dc-94b4eee5aab9,K.Mumpfield,WR,nfl-player-v1,0,0,7.907,0.925,0,0,0.013,0.0129
2025,21,2025_21_LA_SEA,LA,00-0037840,d499f341-a8ae-4bc2-a2d0-09cbdcbc82c8,K.Williams,RB,nfl-player-v1,0,31.644,4.136,0.671,0,0.395,0.016,0.3369
2025,21,2025_21_LA_SEA,LA,00-0026498,7fc98b95-d8a9-461b-895c-675c835c87a6,M.Stafford,QB,nfl-player-v1,118.953,5.614,0,0,0.745,0,0,0.005
2025,21,2025_21_LA_SEA,LA,00-0039075,cc8ed8e0-fd25-4c8f-bc2e-7c8b1975f241,P.Nacua,WR,nfl-player-v1,0,0.389,39.272,4.009,0,0.001,0.112,0.1072
2025,21,2025_21_LA_SEA,LA,00-0037557,d319398e-5718-4df6-ad86-c4a7fcc3ce59,R.Rivers,RB,nfl-player-v1,0,6.171,3.227,0.531,0,0,0,0.005
2025,21,2025_21_LA_SEA,LA,00-0040737,4338c37a-86fe-4f3d-9b1e-af899ef9146b,T.Ferguson,TE,nfl-player-v1,0,0,6.263,0.739,0,0,0.01,0.0103
2025,21,2025_21_LA_SEA,LA,00-0033110,a21c681d-1ae5-4cc3-9b3e-29b4909192bb,T.Higbee,TE,nfl-player-v1,0,0,6.515,0.766,0,0,0,0.005
2025,21,2025_21_NE_DEN,NE,00-0038621,bc093a81-2f9d-44f8-85cc-cb7d3f539296,D.Douglas,WR,nfl-player-v1,0,0,6.597,0.775,0,0,0,0.005
2025,21,2025_21_NE_DEN,NE,00-0039851,c18b2fe3-1746-464c-9604-91eca99e8c5c,D.Maye,QB,nfl-player-v1,114.367,6.986,0,0,0.787,0.045,0,0.0441
2025,21,2025_21_NE_DEN,NE,00-0033090,835b972d-7fc1-48d2-bfb6-4ad15a30a0a1,H.Henry,TE,nfl-player-v1,0,0,11.689,1.319,0,0,0.021,0.0203
2025,21,2025_21_NE_DEN,NE,00-0038608,353c0718-b585-42e4-9fdd-65abf246f4d1,K.Boutte,WR,nfl-player-v1,0,0,18.766,2.05,0,0,0.032,0.0314
2025,21,2025_21_NE_DEN,NE,00-0033555,927c45e7-007a-40b8-9592-815d97fbc701,M.Hollins,WR,nfl-player-v1,0,0,8.019,0.917,0,0,0,0.005
2025,21,2025_21_NE_DEN,NE,00-0036875,64641499-cd80-4cac-adcf-0272f37d57cc,R.Stevenson,RB,nfl-player-v1,0,50.44,4.402,0.702,0,0.908,0.025,0.6065
2025,21,2025_21_NE_DEN,NE,00-0031588,8ea2703a-b355-44a5-a0d5-3ade7964e460,S.Diggs,WR,nfl-player-v1,0,0,21.121,2.252,0,0,0,0.005
2025,21,2025_21_NE_DEN,NE,00-0040734,8c7fdfc1-da82-46bd-8059-d38dfc782a85,T.Henderson,RB,nfl-player-v1,0,11.336,2.524,0.421,0,0,0,0.005
2025,21,2025_21_LA_SEA,SEA,00-0039793,1359d114-9fb9-4783-8101-efdec545f961,A.Barner,TE,nfl-player-v1,0,0,9.959,1.146,0,0,0.023,0.0227
2025,21,2025_21_LA_SEA,SEA,00-0033908,42465aa3-53c4-4afb-bf91-0ac136659ba3,C.Kupp,WR,nfl-player-v1,0,0,16.507,1.839,0,0,0.018,0.0182
2025,21,2025_21_LA_SEA,SEA,00-0039299,da36047b-a068-4cc0-8119-0179cef16707,G.Holani,RB,nfl-player-v1,0,13.763,5.847,0.925,0,0.041,0.005,0.0455
2025,21,2025_21_LA_SEA,SEA,00-0038752,b63fdf70-1305-4f5c-9a69-0521e037cafc,J.Bobo,WR,nfl-player-v1,0,0,7.981,0.93,0,0,0.019,0.0184
2025,21,2025_21_LA_SEA,SEA,00-0038543,8d9cebd3-3534-48a0-a4e9-2c0ebc5c1c94,J.Smith-Njigba,WR,nfl-player-v1,0,0,34.428,3.579,0,0,0.107,0.1018
2025,21,2025_21_LA_SEA,SEA,00-0038134,593d9bcd-2ae1-41ca-bf16-2d3c62d5b196,K.Walker,RB,nfl-player-v1,0,55.16,5.932,0.939,0,0.637,0.021,0.4821
2025,21,2025_21_LA_SEA,SEA,00-0037545,0a931859-dbbe-4421-8bdc-ee6094237041,R.Shaheed,WR,nfl-player-v1,0,0.311,9.726,1.119,0,0,0,0.005
2025,21,2025_21_LA_SEA,SEA,00-0034869,3a4bd5d6-8b01-4324-8449-d0f7c2059e36,S.Darnold,QB,nfl-player-v1,124.42,6.052,0,0,0.779,0,0,0.005
2025,22,2025_22_SEA_NE,NE,00-0032392,da501cdf-983b-48c5-9918-7569b745567c,A.Hooper,TE,nfl-player-v1,0,0,9.352,1.083,0,0,0,0.005
2025,22,2025_22_SEA_NE,NE,00-0038621,bc093a81-2f9d-44f8-85cc-cb7d3f539296,D.Douglas,WR,nfl-player-v1,0,0,16.9,1.885,0,0,0,0.005
2025,22,2025_22_SEA_NE,NE,00-0039851,c18b2fe3-1746-464c-9604-91eca99e8c5c,D.Maye,QB,nfl-player-v1,135.167,7.649,0,0,0.846,0,0,0.005
2025,22,2025_22_SEA_NE,NE,00-0033090,835b972d-7fc1-48d2-bfb6-4ad15a30a0a1,H.Henry,TE,nfl-player-v1,0,0,14.365,1.623,0,0,0.057,0.0552
2025,22,2025_22_SEA_NE,NE,00-0038608,353c0718-b585-42e4-9fdd-65abf246f4d1,K.Boutte,WR,nfl-player-v1,0,0,12.301,1.408,0,0,0,0.005
2025,22,2025_22_SEA_NE,NE,00-0040131,8490b4f2-0ce0-429e-93d9-e5bf60f69adf,K.Williams,WR,nfl-player-v1,0,0,7.622,0.892,0,0,0,0.005
2025,22,2025_22_SEA_NE,NE,00-0033555,927c45e7-007a-40b8-9592-815d97fbc701,M.Hollins,WR,nfl-player-v1,0,0,18.408,2.046,0,0,0.072,0.0691
2025,22,2025_22_SEA_NE,NE,00-0036875,64641499-cd80-4cac-adcf-0272f37d57cc,R.Stevenson,RB,nfl-player-v1,0,32.928,6.243,0.987,0,0.34,0.02,0.302
2025,22,2025_22_SEA_NE,NE,00-0031588,8ea2703a-b355-44a5-a0d5-3ade7964e460,S.Diggs,WR,nfl-player-v1,0,0,9.392,1.084,0,0,0,0.005
2025,22,2025_22_SEA_NE,NE,00-0040734,8c7fdfc1-da82-46bd-8059-d38dfc782a85,T.Henderson,RB,nfl-player-v1,0,28.533,4.612,0.744,0,0,0,0.005
2025,22,2025_22_SEA_NE,SEA,00-0039793,1359d114-9fb9-4783-8101-efdec545f961,A.Barner,TE,nfl-player-v1,0,0,11.398,1.295,0,0,0.018,0.018
2025,22,2025_22_SEA_NE,SEA,00-0033908,42465aa3-53c4-4afb-bf91-0ac136659ba3,C.Kupp,WR,nfl-player-v1,0,0,27.401,2.908,0,0,0.041,0.0399
2025,22,2025_22_SEA_NE,SEA,00-0039299,da36047b-a068-4cc0-8119-0179cef16707,G.Holani,RB,nfl-player-v1,0,10.493,3.171,0.522,0,0,0,0.005
2025,22,2025_22_SEA_NE,SEA,00-0038543,8d9cebd3-3534-48a0-a4e9-2c0ebc5c1c94,J.Smith-Njigba,WR,nfl-player-v1,0,0,22.447,2.435,0,0,0.034,0.0335
2025,22,2025_22_SEA_NE,SEA,00-0038134,593d9bcd-2ae1-41ca-bf16-2d3c62d5b196,K.Walker,RB,nfl-player-v1,0,67.821,5.358,0.85,0,1.364,0.034,0.7529
2025,22,2025_22_SEA_NE,SEA,00-0037545,0a931859-dbbe-4421-8bdc-ee6094237041,R.Shaheed,WR,nfl-player-v1,0,0.256,12.391,1.401,0,0,0.02,0.0198
2025,22,2025_22_SEA_NE,SEA,00-0034869,3a4bd5d6-8b01-4324-8449-d0f7c2059e36,S.Darnold,QB,nfl-player-v1,121.111,5.31,0,0,0.758,0,0,0.005
